# This file was produced by samtools stats (1.21+htslib-1.21) and can be plotted using plot-bamstats
# This file contains statistics for all reads.
# The command line was:  stats control.bwa.sorted.bam
# CHK, Checksum	[2]Read Names	[3]Sequences	[4]Qualities
# CHK, CRC32 of reads which passed filtering followed by addition (32bit overflow)
CHK	62986d76	f4a45251	352e1bda
# Summary Numbers. Use `grep ^SN | cut -f 2-` to extract this part.
SN	raw total sequences:	298193010	# excluding supplementary and secondary reads
SN	filtered sequences:	0
SN	sequences:	298193010
SN	is sorted:	1
SN	1st fragments:	149096505
SN	last fragments:	149096505
SN	reads mapped:	297634609
SN	reads mapped and paired:	297422024	# paired-end technology bit set + both mates mapped
SN	reads unmapped:	558401
SN	reads properly paired:	295132126	# proper-pair bit set
SN	reads paired:	298193010	# paired-end technology bit set
SN	reads duplicated:	0	# PCR or optical duplicate bit set
SN	reads MQ0:	22241168	# mapped and MQ=0
SN	reads QC failed:	0
SN	non-primary alignments:	0
SN	supplementary alignments:	221335
SN	total length:	30117494010	# ignores clipping
SN	total first fragment length:	15058747005	# ignores clipping
SN	total last fragment length:	15058747005	# ignores clipping
SN	bases mapped:	30061095509	# ignores clipping
SN	bases mapped (cigar):	29969524250	# more accurate
SN	bases trimmed:	0
SN	bases duplicated:	0
SN	mismatches:	63537443	# from NM fields
SN	error rate:	2.120069e-03	# mismatches / bases mapped (cigar)
SN	average length:	101
SN	average first fragment length:	101
SN	average last fragment length:	101
SN	maximum length:	101
SN	maximum first fragment length:	101
SN	maximum last fragment length:	101
SN	average quality:	36.6
SN	insert size average:	195.2
SN	insert size standard deviation:	60.8
SN	inward oriented pairs:	147117480
SN	outward oriented pairs:	749296
SN	pairs with other orientation:	30850
SN	pairs on different chromosomes:	813386
SN	percentage of properly paired reads (%):	99.0
# First Fragment Qualities. Use `grep ^FFQ | cut -f 2-` to extract this part.
# Columns correspond to qualities and rows to cycles. First column is the cycle number.
FFQ	1	0	0	84286	0	0	0	0	0	0	0	106070	0	0	0	0	0	245415	0	0	2600	0	0	35798	285767	0	367549	768749	1054314	877464	0	5218614	33986926	0	15351929	90711024	0	0	0	0	0	0	0	0
FFQ	2	0	0	3430	0	0	0	0	0	0	0	73078	0	0	0	0	0	285350	0	0	12693	0	0	60648	240203	0	308762	707609	1164302	730345	0	4395382	29412894	0	7984990	103716819	0	0	0	0	0	0	0	0
FFQ	3	0	0	12371	0	0	0	0	0	0	0	70676	0	0	0	0	0	208110	0	0	1555	0	0	70036	232672	0	347865	716283	1216093	865894	0	4494003	28568204	0	7754947	104537796	0	0	0	0	0	0	0	0
FFQ	4	0	0	2564	0	0	0	0	0	0	0	70145	0	0	0	0	0	89316	0	0	110563	0	0	62811	0	0	223671	330082	16420	515186	10572	917478	17945	1421102	2544562	0	23317279	0	119446809	0	0	0	0	0
FFQ	5	0	0	183	0	0	0	0	0	0	0	107170	0	0	0	0	0	132054	0	0	128619	0	0	90901	0	0	298337	437352	25282	585635	13211	1143605	26521	1522299	2670959	0	22853133	0	119061244	0	0	0	0	0
FFQ	6	0	0	0	0	0	0	38	0	16321	0	90908	24665	0	0	35	16961	31510	141740	64555	54069	0	13342	8534	113348	49	360917	407949	60937	421372	230468	1155505	218311	1816156	2565725	531	21121077	2311387	117850095	0	0	0	0	0
FFQ	7	0	0	0	0	0	27	188	0	21132	0	105436	28052	41	0	114	21503	33858	163378	66473	52756	45	15124	9140	117415	263	370366	408916	79557	423917	229910	1162141	227436	1832455	2561667	654	20950077	2346788	117867676	0	0	0	0	0
FFQ	8	0	0	0	0	0	123	204	11	19833	2	94451	24929	89	13	110	25277	35117	173400	66823	53880	303	16976	9792	119404	276	393225	421007	117585	435663	224825	1205151	254391	1915165	2695601	737	21357385	2386483	117048274	0	0	0	0	0
FFQ	9	0	0	0	0	0	135	273	85	21988	5	102002	26791	168	48	193	27955	37275	177108	69727	53964	724	18445	11236	122035	688	405398	168245	441437	376183	226473	1225641	196225	1718069	1676123	1349808	6324209	4103	12562950	7673979	114076817	0	0	0
FFQ	10	0	0	0	0	0	278	313	133	21962	12	96611	24490	395	63	189	28700	37519	172809	69451	53065	1313	19886	12583	122794	1211	402351	168003	536206	269015	227757	1221196	190137	1702594	1674639	1312376	6295121	3844	12457560	7869444	114102485	0	0	0
FFQ	11	0	0	0	0	0	407	380	176	21965	95	95956	24081	553	76	266	28065	37993	164266	69312	52995	1674	21295	13454	125543	2182	400881	167326	645300	149330	233332	1226432	184148	1697005	1690368	1276190	6305083	4535	12343459	8134486	113977896	0	0	0
FFQ	12	0	0	0	0	0	465	447	281	22581	242	98619	24866	683	100	390	28769	38362	166659	70909	54440	2043	22468	13799	128552	3369	409171	169818	741271	64384	237210	1252141	180107	1706834	1714649	1276183	6378591	6064	12356700	8276210	113649128	0	0	0
FFQ	13	0	0	23050	0	0	557	537	477	25699	476	108570	27803	955	174	464	33533	40743	184987	75274	57470	2519	24254	14561	132423	5461	435307	179041	816436	50100	236707	1309706	193769	1816224	1761765	1421725	6631880	7342	12930090	8117903	112428523	0	0	0
FFQ	14	0	0	0	0	0	539	736	692	24992	839	105969	26762	1168	259	586	7793	58029	198236	81178	60645	2778	26375	15566	62513	84784	426258	178698	785046	48813	245559	630109	828809	1318859	1781351	1452372	1307952	4063074	3610947	10424476	8938298	25598681	86696764	0
FFQ	15	0	0	0	0	0	630	1118	871	26305	1326	109427	27934	1403	336	961	9574	60276	185960	79599	60908	3183	28939	16419	67016	90387	440061	185814	802610	50942	251126	657861	844133	1349550	1820916	1467131	1370065	4089616	3613071	10476302	8805799	25624210	86474726	0
FFQ	16	0	0	0	0	0	704	1460	1210	28493	1879	111275	28318	1725	622	1550	11226	61736	190563	80479	61631	3962	30650	17269	71733	94631	443988	188957	808380	52237	250615	678337	850207	1358100	1835668	1499567	1427491	4128766	3673181	10567251	8838830	25690837	86002977	0
FFQ	17	0	0	0	0	0	812	1952	1656	30323	2797	113585	28775	2076	959	2106	13196	64637	193700	82897	63164	4743	33259	18446	77336	101474	450773	193170	823568	54609	252197	706566	861413	1383343	1860692	1541071	1497091	4173350	3767246	10720450	8965374	25842919	85164780	0
FFQ	18	0	0	0	0	0	897	2541	2136	32984	3816	117359	30035	2398	1409	2525	15541	66901	194072	84538	64571	5618	37378	20347	82950	110950	451121	197703	817470	57250	258611	726974	868238	1374698	1887083	1538330	1567595	4175269	3795950	10798764	9027498	26051237	84623748	0
FFQ	19	0	0	0	0	0	1017	2967	2643	34715	5088	114278	28886	2717	1871	3015	18039	60957	21558	261246	65435	6073	40303	21966	88732	124160	442393	199409	797152	62621	267345	740363	873642	1333090	1243700	2176889	1647373	3426787	3840095	8786214	10030730	26947161	85375875	0
FFQ	20	0	0	0	0	0	1192	3983	3706	41026	7177	123771	31399	3396	2462	3716	21903	66771	28491	264273	68780	7460	45068	23720	97740	138029	447755	207903	805358	65554	270558	784049	888276	1351003	1279661	2215341	1739529	3472256	3920250	8901324	10259199	26915343	84589083	0
FFQ	21	0	0	0	0	0	1277	4725	4536	39183	8567	109052	27312	3852	2868	4313	23839	65962	32161	230016	66580	8216	49364	25702	99804	152718	412109	204237	757415	69797	276857	775468	874466	1293146	1275728	2190040	1813374	3429574	3964497	8986208	10847712	27664296	83301534	0
FFQ	22	0	0	17806	0	0	1325	6116	5774	43056	11073	107956	26982	4488	3522	5229	27733	70373	40914	219926	67959	9889	53925	27915	109317	168813	403177	209952	741654	73165	273255	812883	873259	1270636	1294501	2179580	1921721	3439755	3994620	9038097	11009319	27525611	83005229	0
FFQ	23	0	0	0	0	0	2729	7221	7639	48078	14323	107928	26367	6334	4622	5975	35305	81120	54978	223691	73248	12853	60349	31576	124173	198901	414807	225970	762954	79225	287984	893020	916736	1298351	1367887	2240373	2073087	3528752	4076175	9329069	11183963	27449637	81841105	0
FFQ	24	0	0	0	0	0	3701	9315	10226	55932	19461	111473	26717	7490	5526	7265	41057	87292	62384	205329	74615	15124	67698	35396	136888	231289	410578	234676	761322	86722	295318	956009	934643	1302324	1412387	2282615	2211600	3572186	4186514	9648126	10975861	26088422	82523024	0
FFQ	25	0	0	0	0	0	5348	11644	13135	63323	25260	111211	25389	8906	7008	8593	47918	95920	74497	193919	77553	17629	74720	39364	148264	265806	399024	244146	746530	92159	300409	1013667	949207	1268016	1450500	2298253	2358554	3598414	4260693	9828471	11120053	26626442	81226560	0
FFQ	26	0	0	0	0	0	8647	17257	24513	97815	45697	152567	31144	10255	8408	9913	55408	108751	88399	181425	80996	18616	80453	41391	153714	296164	368243	244270	694003	97395	310412	1027952	946264	1183064	1477535	2239356	2504402	3580157	4181343	9925510	10883217	27354637	80567212	0
FFQ	27	0	0	0	0	0	10769	19171	30899	112399	59767	153051	28763	12393	11485	11179	66865	127101	107249	170087	81093	22395	87539	45279	163514	330249	370029	251169	684013	104186	313494	1100520	959331	1150113	1522521	2230516	2675401	3588420	4169091	10026004	10592443	27818786	79889221	0
FFQ	28	0	0	0	0	0	12554	21649	38248	127432	76343	150056	25082	14817	14167	12761	80092	148257	121484	157987	83815	26354	96924	51343	175347	371107	387411	264947	678300	113540	317255	1218077	987169	1142751	1593025	2295995	2886563	3642290	4305772	10305560	10645117	28312204	78194710	0
FFQ	29	0	0	0	0	0	14045	23639	46283	139489	92469	138855	20482	16748	16465	14498	90787	162553	121435	142807	83668	29819	105262	56659	177933	396998	392022	270605	640724	122890	323435	1289008	999999	1086848	1640573	2301160	3096079	3638522	4395438	10539055	10708605	29001886	76758762	0
FFQ	30	0	0	0	0	0	15767	25739	53199	149314	109718	120815	16565	18583	18623	16140	99931	174776	112466	133532	85722	33223	105834	60960	192631	421316	396012	281981	607457	132256	336908	1338235	1020159	1023333	1707482	2276748	3316416	3632074	4368233	10764022	10419311	29566604	75944420	0
FFQ	31	0	0	8	0	0	17810	27833	60704	156698	127650	103525	14122	20889	21041	18037	111211	185777	99549	128826	87037	37500	112880	66823	195666	434107	418978	290899	570194	143639	338377	1426007	1033628	968720	1768084	2278374	3569891	3612983	4467461	10981870	10327585	29838211	75033911	0
FFQ	32	0	0	0	0	0	20002	30472	69570	168187	149662	86627	13378	23074	23440	20607	122799	197159	83894	130774	90241	42051	123354	72762	202424	451889	432337	306412	545130	155600	355629	1486297	1066649	921277	1856976	2273438	3837053	3613517	4500619	11265774	10069917	30158551	74128963	0
FFQ	33	0	0	0	0	0	22533	33313	78809	176272	170480	68422	13832	25906	26200	23032	135767	205630	67917	134254	92642	46154	133966	79272	209148	463333	450996	318586	523165	169776	368463	1538653	1096319	879833	1943874	2270463	4116746	3585558	4562801	11512050	9894663	30473622	73184055	0
FFQ	34	0	0	0	0	0	25105	36697	87319	181153	188033	51714	15111	28835	29374	26302	149777	211698	54627	139585	95340	51625	145133	86025	218019	474432	468669	334770	506364	186349	382594	1599012	1130867	856053	2050953	2282346	4425017	3575396	4656710	11801045	9770746	30733815	72039895	0
FFQ	35	0	0	0	0	0	27632	40545	98220	187811	205720	39555	17323	32777	34366	29708	170008	219785	45179	146204	98788	60493	151018	98018	232900	501479	509390	365674	499759	210745	391240	1745179	1183606	854143	2204294	2346212	4806902	3555907	4919416	12243189	9898654	30787930	70136736	0
FFQ	36	0	0	0	0	0	30466	43774	109551	192305	218939	30552	18681	35729	38068	33202	183605	212473	38168	151288	102345	66650	161607	106862	241805	511500	503815	384094	490608	232806	406407	1763124	1216194	848707	2320018	2351787	5137052	3525838	5046242	12504292	9951319	31043549	68843083	0
FFQ	37	0	0	0	0	0	32710	45621	116173	185759	217944	25228	19799	37931	40530	35755	188716	194122	33748	149388	99243	70082	166088	110240	241848	500216	470305	385270	470441	243761	408884	1692061	1208121	834647	2373495	2284627	5423653	3391950	5072692	12292006	10128377	31089612	68815462	0
FFQ	38	0	0	17419	0	0	34758	48734	126692	190002	230754	23472	20821	40549	43446	39467	200066	179332	33787	154960	103196	74442	174713	117514	252296	507406	450021	396694	475464	264304	424171	1675712	1236944	849117	2491943	2282380	5752129	3324280	5178177	12343440	10692118	31563811	67081974	0
FFQ	39	0	0	45179	0	0	36843	48562	130172	171007	200334	23711	22584	43359	46955	41922	207113	158424	34766	150588	96901	82384	155631	121680	289861	503601	439709	409138	458267	285551	414359	1679444	1235512	850070	2558523	2225442	6113606	3204193	5195159	11546510	11035109	30551958	68282378	0
FFQ	40	0	0	2799	0	0	39018	48881	134709	162289	187638	25832	24900	49494	51720	44062	233786	146665	36945	147458	91869	87263	154516	126560	295158	489158	402456	411775	438919	301929	401409	1630106	1216886	842908	2591798	2146294	6469832	3060099	5232490	10959881	11058307	28985352	70365344	0
FFQ	41	0	0	0	0	0	41997	53337	148543	167717	193889	27720	26405	51248	57842	49422	235683	125553	39253	155555	96093	100134	162181	143496	326667	509590	403565	442872	447780	340250	411458	1689759	1259707	877358	2736141	2168287	6889499	3070683	5427321	10895360	10966363	28146560	70211217	0
FFQ	42	0	0	0	0	0	44305	55215	158388	164388	188248	29896	27127	52739	61938	53010	233918	105905	41453	157260	94600	103070	165736	145984	331669	502854	359925	449056	444283	359784	424104	1603652	1270703	898179	2799727	2174829	7200134	3110359	5510891	10742456	10958107	28042927	70029686	0
FFQ	43	0	0	0	0	0	47058	59073	171841	168364	187897	32825	28968	56485	70097	58523	243989	93216	45431	163552	97308	113094	174154	159319	359074	517064	341802	477568	450326	401446	437182	1615388	1313097	939416	2926778	2222740	7595095	3191330	5684183	10719088	10912845	27658150	69362739	0
FFQ	44	0	0	0	0	0	49194	61029	181983	167085	181638	34877	30637	58564	75538	62679	241968	78041	48055	168375	97628	117991	177247	165568	369720	510416	305306	485833	451186	425153	455149	1533849	1331354	968904	2976358	2269362	7918525	3297977	5790445	10579876	10983187	27652891	68792917	0
FFQ	45	0	0	0	0	0	52688	64772	196171	171806	180686	38188	33391	61740	84883	66616	240239	58024	51828	148100	100702	205510	120924	172862	449094	528228	303453	523675	461900	477702	476697	1561189	1392897	1017513	3121273	2364910	8345361	3432316	6010652	10609193	10827850	27551882	67591590	0
FFQ	46	0	0	0	0	0	55721	66578	206185	171302	171682	40361	34495	63455	89616	69970	229545	46747	54528	149722	100237	214706	120040	180399	465446	518398	271388	531963	459615	505567	493676	1491820	1414059	1051266	3167782	2458304	8720857	3566524	6179836	10496087	11059090	27569090	66610448	0
FFQ	47	0	0	161	0	0	59695	71631	223206	182558	179196	42831	36616	67266	96381	74047	224460	40218	59516	160064	105876	229524	123245	191912	498430	525804	250348	560142	478001	545936	527193	1461786	1476206	1107095	3270282	2605299	9137694	3755373	6359007	10514750	11363405	27675181	64816170	0
FFQ	48	0	0	1	0	0	61272	70106	224284	174393	155714	46189	39069	69543	106148	78523	220108	33706	61243	161186	100476	245590	123467	206479	524952	520375	234611	582192	467339	596672	530818	1453625	1505418	1136512	3321300	2694211	9681641	3877831	6584602	10270009	11651606	26925319	64359975	0
FFQ	49	0	0	601	0	0	65414	73322	238415	182565	150425	49903	42495	73593	117625	83632	215729	29792	65636	168774	102286	269793	125539	225764	471115	584367	194129	622835	538071	672050	551565	1484959	1577572	1196415	3456284	2851493	10159105	4123107	6979273	9320722	12939665	26299129	62793346	0
FFQ	50	0	0	1256	0	0	64497	68999	234509	174106	133057	51963	42424	70965	118895	82401	190415	25841	64274	162579	93497	260353	119659	223458	455380	545108	167387	598331	516991	668431	544494	1360819	1541873	1196450	3348505	2918608	10816022	4236355	7150018	8838771	13368801	25780497	62860516	0
FFQ	51	0	0	6524	0	0	63393	65476	231616	169494	118378	53545	42231	68056	122848	80452	171259	23500	63084	157804	86918	254866	115190	222484	445124	509613	146548	586807	493571	674191	532462	1265550	1497071	1175149	3222285	2923912	11681543	4343493	7302766	8188991	13469505	24577147	63943659	0
FFQ	52	0	0	14264	0	0	66338	66629	241353	172019	109411	55198	43214	71377	126448	81159	156773	23091	64873	161655	87834	258330	115436	226671	454057	491029	132173	595354	492018	694917	548260	1205106	1510788	1194921	3183668	3042063	12516502	4543483	7527457	7940159	13476090	23906732	63499655	0
FFQ	53	0	0	0	0	0	69158	69379	255019	183169	104161	58439	47363	78199	137740	84456	151284	23783	68514	171422	88868	275714	118167	242394	477408	488117	124552	630451	502380	745493	578704	1191679	1570151	1249236	3215199	3220304	13338371	4795581	7822151	7803310	13555168	23153173	62407848	0
FFQ	54	0	0	3273	0	0	72480	70388	266515	191536	95560	61657	49555	76585	150109	87340	142082	23524	71663	179016	90143	296743	122069	262756	503367	485387	121594	667718	506478	812724	601882	1202902	1633757	1306442	3280451	3414515	14187937	5039576	8199982	7655772	13829190	22275402	61058435	0
FFQ	55	0	0	21380	0	0	75450	69354	272985	194901	83895	65385	51295	69288	157056	93565	131000	21831	74805	185140	86705	290072	140891	273483	512219	341637	247265	681827	498125	856569	624016	1180654	1678785	1353676	3316852	3625329	15079720	5316851	8370900	7680346	14202121	21779168	59391964	0
FFQ	56	0	0	30904	0	0	78865	69244	283398	202987	74944	68501	54041	69439	163233	92217	122313	21584	76424	192302	85873	303541	143509	287792	522695	322848	253150	704530	501776	893999	650600	1164685	1732317	1409607	3360547	3841715	16030795	5616597	8716178	7535045	14499951	21255684	57662675	0
FFQ	57	0	0	3634	0	0	82010	69518	293308	210089	64898	71755	59824	81769	168983	91004	117776	21814	79793	198905	85224	310429	144455	296058	524198	298154	260185	717319	508366	905848	681905	1134071	1771883	1456848	3393594	4053496	17063105	5937876	9031238	7398025	14857822	20915415	55735911	0
FFQ	58	0	0	0	0	0	86318	70023	304808	219616	56264	75541	60715	76295	175910	90408	110410	21880	83828	209461	84620	336183	150915	319016	538886	286851	271037	759580	516772	954405	715972	1137685	1836576	1520878	3453845	4271162	18153000	6265893	9397282	7246951	15143860	20180498	53913161	0
FFQ	59	0	0	0	0	0	90408	70851	316728	230211	48210	79575	63522	74702	186143	78810	108151	21771	84960	228374	84047	307833	133610	407116	463250	241861	249591	950526	524616	1004828	750367	1160701	1916119	1592870	3533133	4522987	19282463	6614228	9813960	7095874	15346094	19361337	52056678	0
FFQ	60	0	0	8	0	0	95266	70505	327814	239949	40130	83245	65667	72199	192529	75579	106001	21731	87777	238467	81991	317898	136122	425656	458356	229487	260864	981549	528780	1026158	786248	1165051	1973789	1654169	3596807	4765467	20491535	6992229	10232062	6928328	15752671	18710310	49884111	0
FFQ	61	0	0	6	0	0	99642	70462	338924	245789	32201	88393	69984	73126	200505	72639	106595	21693	91974	249742	79268	334868	140444	451176	460016	222178	271485	1024280	537328	1058979	826178	1191280	2047143	1726205	3686312	5029279	21757264	7388784	10656481	6763374	16129217	17973417	47579874	0
FFQ	62	0	0	22719	0	0	103839	68928	348421	250035	25040	92761	72098	72535	202497	67514	107100	21577	95508	259753	76485	349191	142747	470797	451646	214690	283820	1060531	544223	1077144	862131	1218339	2110714	1801163	3781804	5300368	23081317	7799688	11101869	6575022	16583438	17241892	45157161	0
FFQ	63	0	0	38158	0	0	107111	67348	356913	252190	18996	97651	74797	72185	203353	62522	107976	21170	97853	268777	72761	360723	144240	488948	439932	208238	293979	1089285	550129	1077647	898522	1246851	2161083	1865944	3867677	5572398	24523342	8225444	11543864	6364747	16983664	16503769	42766318	0
FFQ	64	0	0	34163	0	0	111347	66872	371011	255177	13936	101966	78627	74735	203793	57745	109590	21237	101900	279919	70482	369996	146627	504895	424868	205296	306291	1115570	557330	1065712	934159	1272200	2204598	1924352	3956242	5816650	26060193	8685358	11999751	6132807	17307756	15697301	40456053	0
FFQ	65	0	0	23781	0	0	116516	65738	386507	260009	9820	108378	85178	77903	207322	54093	105753	30063	105475	209958	151905	389150	150194	438701	510688	206497	321919	1136055	405405	1063455	1187550	1328010	2274562	2004971	4071239	6114083	27600917	9154137	12464044	5923791	17608295	14832281	37912162	0
FFQ	66	0	0	35390	0	0	120145	64139	395459	257400	6549	112445	84742	72285	205143	49922	108022	30576	108642	215801	152730	402054	151515	447906	501149	206803	337020	1160951	408597	1043849	1240064	1374116	2320918	2076079	4198293	6414957	29242783	9645118	12937431	5677614	17960842	14011882	35317174	0
FFQ	67	0	0	21126	0	0	125777	64151	413319	261094	4392	119389	92708	79249	205590	46229	111718	31149	113134	225003	154934	415753	153717	460477	493490	209363	353549	1194438	416684	1024115	1297133	1426753	2376187	2151245	4331582	6713099	30954167	10137056	13407219	5430982	18201309	13148329	32730896	0
FFQ	68	0	0	27702	0	0	131064	63434	429570	261883	2770	125667	94200	76201	207561	44307	117657	31509	119426	234275	158151	438375	158429	476981	495356	216779	373717	1246138	425791	1017391	1363972	1499947	2441277	2236427	4473607	7048910	32675733	10654702	13860123	5173079	18383928	12180756	30129710	0
FFQ	69	0	0	9555	0	0	135599	62301	444828	258429	1715	132260	103905	81565	201636	40872	120844	32556	122323	242226	159919	444706	159338	478715	482869	219539	390099	1257397	434744	967725	1417216	1542220	2467292	2290120	4620587	7350771	34577270	11170664	14338473	4888113	18558934	11317585	27571595	0
FFQ	70	0	0	15832	0	0	141488	61572	461285	255643	1057	138417	102665	77213	200578	37810	126578	32442	128120	249424	163345	466922	161918	373954	374058	456119	409541	1301165	445697	950092	1481815	1610568	2519820	2367357	4761291	7661357	36482005	11688198	14788373	4583994	18606534	10307376	25104882	0
FFQ	71	0	0	13152	0	0	145446	59834	474222	249274	687	143769	104924	76841	195467	34936	130541	33016	131730	255617	164322	478256	161350	369115	366978	467328	425502	1317696	456732	907696	1533370	1664787	2539301	2427173	4923734	7975393	38503354	12224485	15230290	4268118	18634611	9349412	22658046	0
FFQ	72	0	0	20223	0	0	149533	58140	491201	244545	506	150203	104309	75984	189710	32223	135711	33711	135899	262705	167444	491714	162143	363500	362757	482435	446029	1339310	471252	865713	1591722	1715976	2570706	2490060	5090181	8322725	40569111	12741994	15656320	3967956	18521301	8422905	20198648	0
FFQ	73	0	0	11781	0	0	156682	56118	511151	242920	422	158826	112839	78170	184644	29938	141565	34393	140719	273642	170808	509548	164259	357200	361494	501013	471678	1365200	488088	827145	1663159	1772242	2613563	2557600	5271762	8697481	42634409	13257989	16033633	3677470	18293961	7512899	17760094	0
FFQ	74	0	0	7798	0	0	163543	54430	534061	241008	399	169662	118964	80505	184327	28642	150151	35047	148959	283815	178339	542401	168501	355684	371266	527239	500039	1414905	510728	809633	1751611	1857191	2691035	2664551	5466475	9133980	44609703	13760204	16302249	3386247	17917690	6581288	15394235	0
FFQ	75	0	0	34211	0	0	168355	52011	550442	234634	366	176166	113453	81442	179949	26924	156366	35585	154586	291528	182729	558363	168490	344605	376415	545503	526638	1156766	815130	772145	1825120	1918259	2744310	2749914	5681266	9585085	46673989	14248736	16543939	3084688	17463087	5723644	13151666	0
FFQ	76	0	0	9009	0	0	175558	54703	592861	278974	936	294098	213828	107205	305580	26413	233267	30629	227170	331955	282027	991911	288874	569790	673225	1057217	921929	2215513	1721965	1729908	3815705	4826870	6878595	7651221	11883872	22964931	28190857	14698488	8982009	3715874	15922780	4170348	2060410	0
FFQ	77	0	0	14129	0	0	184997	52243	614432	250786	472	250080	160898	93829	224708	22509	202860	33043	200192	309433	238881	776944	217409	407385	503081	766789	707711	1556290	1216636	1013386	2676724	3034744	4470363	4855902	10745230	19077876	38095935	15444884	12264684	2896062	17471144	5743199	2300635	0
FFQ	78	0	0	8509	0	0	188225	48816	621168	227627	326	232899	148030	89950	180443	21699	192453	36197	190663	316607	222761	700766	190926	335371	454621	680722	662884	1339680	1055273	767337	2325915	2429983	3465619	3643916	7827426	13711564	48610267	15590242	15401859	2467862	15303325	4904076	4500498	0
FFQ	79	0	0	1735	0	0	190143	45446	622690	211103	286	229079	139405	88228	157610	20132	189304	35960	186279	312176	216979	673346	175643	291011	432068	651024	653588	1230282	999096	644601	2192912	2198029	3107555	3235887	6832259	11998143	54144539	16017046	16352161	2045610	14127670	3129895	5317585	0
FFQ	80	0	0	3239	0	0	193695	42860	635217	199458	273	226607	125520	88421	140620	19208	188681	37048	185691	316440	215996	657807	164745	257129	427354	639020	658888	1159803	990679	563313	2147999	2101232	2964581	3078840	6596021	11641669	57789101	16408193	16549635	1695678	13074017	2249540	4662287	0
FFQ	81	0	0	29237	0	0	197797	40656	649741	191841	260	233599	123208	90535	130220	18081	192711	37481	189915	323341	222548	668442	159717	235287	430157	650524	684010	1130481	1011468	514761	2179665	2081052	2947315	3069019	6599972	11785565	60549018	16738434	16322918	1407382	11883814	1677095	3699238	0
FFQ	82	0	0	14135	0	0	203640	39342	668098	185375	264	246373	133147	92193	120849	17363	196525	38475	193399	325875	228615	674567	154574	211462	435136	659556	705023	1096831	1030821	467896	2206963	2061127	2950407	3067266	6671202	12032667	63201121	17012633	15921567	1179036	10602164	1242071	2808747	0
FFQ	83	0	0	19913	0	0	208612	36678	684108	178413	271	250625	125564	94483	110941	16251	201387	38947	198275	332771	236267	682673	149758	191233	445678	668449	731167	1066951	1056590	426679	2236934	2048328	2960175	3081992	6766325	12335732	65741027	17224817	15343747	979820	9265785	904755	2054384	0
FFQ	84	0	0	23539	0	0	215436	35593	706674	173463	292	262300	126117	96248	102905	15611	207491	40131	204869	338845	247617	700552	146447	172920	456614	687313	768937	1047526	1088698	395525	2294829	2055853	3002316	3133992	6873565	12709886	68054927	17343443	14564260	804919	7908243	639238	1449371	0
FFQ	85	0	0	13987	0	0	221595	33929	725518	168851	267	276572	129805	98694	94967	14790	213308	40732	211515	345584	259327	716011	140754	155961	468045	704639	806121	1020194	1124366	364606	2343939	2060500	3050365	3185526	7005851	13112170	70297313	17375882	13641574	656044	6588489	440803	987911	0
FFQ	86	0	0	4830	0	0	226451	31740	741986	162051	279	288751	130271	100606	85609	14425	217443	41658	215123	351467	269072	721631	134191	138295	478994	716660	835529	980712	1157026	333310	2378428	2052334	3076407	3212238	7123460	13491118	72586808	17329964	12631722	526430	5359798	296065	653623	0
FFQ	87	0	0	4083	0	0	232972	29901	756870	156955	268	297192	127419	101502	76991	13603	223614	42061	221102	356286	281221	735961	127708	122094	491252	734805	873284	945622	1189519	307792	2420688	2050558	3107635	3254567	7212727	13822453	74792127	17196069	11527386	411193	4238443	192292	420290	0
FFQ	88	0	0	22307	0	0	238438	28009	774788	153471	264	302786	122222	103402	69223	12730	230393	43357	227078	363714	296181	750047	120423	107679	501434	754164	911461	910929	1225584	284189	2469758	2055998	3148623	3314817	7330189	14201343	76776388	16963446	10331484	312009	3251866	122207	264104	0
FFQ	89	0	0	11687	0	0	245569	26688	800350	151048	274	321665	125925	105951	61811	12195	237742	44707	235357	373085	311417	764764	113327	95691	516206	773605	951016	873751	1263256	263551	2520091	2062192	3189956	3368173	7438660	14575371	78649144	16609115	9107959	233386	2420586	77566	163668	0
FFQ	90	0	0	23903	0	0	249843	24831	809653	148808	294	331097	122376	106663	55324	11270	244779	44762	243726	375292	327693	780088	105743	82637	532460	793929	994717	837755	1302735	244397	2573289	2070108	3227081	3432821	7531992	14924497	80393844	16189438	7892243	168181	1745692	49785	102759	0
FFQ	91	0	0	22154	0	0	256457	23138	832030	147326	314	347144	123755	108166	48342	10780	253255	45871	250498	382720	346763	790771	98465	72869	545526	814702	1041613	796690	1342798	228363	2624631	2085983	3275568	3497591	7653461	15296042	81938426	15646543	6712613	119817	1215448	33214	66658	0
FFQ	92	0	0	9438	0	0	263036	22014	851799	145017	342	365907	122027	108988	41935	10119	256181	47242	256695	392373	359286	792222	88457	64648	556459	827220	1076255	744538	1374616	209851	2646141	2086710	3294176	3528205	7759172	15601308	83546206	15052842	5620711	83566	820864	23720	46219	0
FFQ	93	0	0	2628	0	0	268638	20483	866426	142468	346	380810	119790	109853	35891	9543	261830	48924	263178	397671	374891	795308	79017	57521	567971	844436	1113788	693346	1407370	193975	2676312	2090545	3304787	3558817	7843805	15830678	85041271	14420541	4627770	56779	537371	17498	34229	0
FFQ	94	0	0	164	0	0	275834	18992	892926	143505	290	392241	117335	110536	30244	8793	270120	49558	273609	409014	395857	808972	70647	51679	590453	866965	1167058	653399	1454005	180618	2725896	2114575	3348846	3615503	7931888	16130285	86134152	13709082	3733028	37947	343219	13613	25657	0
FFQ	95	0	0	16768	0	0	284126	17548	910181	148068	343	407685	118888	36645	100270	8260	283508	50722	284845	418260	425468	834094	63179	45807	610641	907213	1236678	624709	1510819	169004	2820411	2156521	3442762	3736508	8059195	16549042	86671036	12920309	2955116	25137	216418	10811	19510	0
FFQ	96	0	0	1701	0	0	289201	16014	923770	146681	338	428312	114687	34127	97536	7602	284652	52013	285125	424874	435284	817468	52884	42945	614987	909982	1261978	563402	1532458	153828	2813977	2154115	3432274	3732885	8152443	16733109	87824332	12234957	2348598	16914	137977	8477	14598	0
FFQ	97	0	0	18948	0	0	293718	14595	931076	147569	327	426478	109866	31777	94579	6846	290962	52864	293971	428132	453000	812026	44282	39641	626201	921194	1293301	514035	1556032	139399	2828377	2154590	3435270	3739461	8192947	16843501	88815965	11567816	1856785	11702	91608	6473	11191	0
FFQ	98	0	0	494	0	0	300405	13215	946665	148491	351	457329	106012	29521	93316	6402	295920	54242	298418	435862	470704	807160	36557	38239	637988	936241	1334091	469171	1591684	126629	2854623	2170568	3457629	3767872	8281664	17032779	89428984	10907425	1473431	8525	64457	4943	8498	0
FFQ	99	0	0	3693	0	0	307012	12236	964471	151067	374	456328	101980	26542	92077	5923	302952	55670	314089	448331	491034	804658	29981	37363	656012	955850	1377951	426962	1625734	114153	2888560	2183953	3492011	3803197	8346930	17216005	89860077	10297628	1181439	6443	47920	3834	6065	0
FFQ	100	0	0	22709	0	0	315513	10825	986269	156149	333	480488	100189	24367	93758	5369	313953	57993	319681	463725	522775	817695	24233	36779	679373	988904	1445366	395121	1686600	104333	2963580	2230381	3565092	3886442	8448650	17496680	89734735	9697122	971792	5028	37429	2864	4210	0
FFQ	101	0	0	2662	0	0	515811	21238	1888812	227965	564	764080	168098	36390	188787	12653	556027	133259	573952	1026116	1013680	1518663	41084	79429	1313752	1921335	3146973	798368	3335667	211158	6176007	4649312	7699197	8169911	12053818	30235553	55017835	5123741	452452	3763	15972	1202	1219	0
# Last Fragment Qualities. Use `grep ^LFQ | cut -f 2-` to extract this part.
# Columns correspond to qualities and rows to cycles. First column is the cycle number.
LFQ	1	0	0	0	0	0	0	0	224158	0	0	383658	0	110374	0	0	70112	639307	0	44939	1814	60648	0	207812	498838	54093	743343	1495693	1580924	1937136	151260	6310561	37914705	0	12632174	84034956	0	0	0	0	0	0	0	0
LFQ	2	0	0	0	0	0	0	0	257897	0	0	379627	0	103973	0	0	62719	686046	0	50953	584	63035	0	229561	472201	53907	739451	1428880	1805190	1868499	151747	5690367	33895589	0	7749572	93406707	0	0	0	0	0	0	0	0
LFQ	3	0	0	0	0	0	0	0	263461	0	0	365535	0	99164	0	0	62974	664449	0	49438	403	64385	0	253361	442285	53001	685023	1376065	1929472	1780234	148276	5431125	32243218	0	6475420	96709216	0	0	0	0	0	0	0	0
LFQ	4	0	0	0	0	0	0	0	267538	0	0	358672	0	98950	0	0	0	225957	229685	49317	261235	64466	0	190505	64501	52870	428312	578806	308465	941688	35701	1537950	266340	2492297	3188643	0	24364170	0	113090437	0	0	0	0	0
LFQ	5	0	0	0	0	0	0	0	269336	0	0	350304	0	99599	0	0	0	230054	224091	49406	240995	65346	0	197481	65704	53191	417847	578449	314824	915421	36386	1532116	266467	2455587	3124467	0	24235966	0	113373468	0	0	0	0	0
LFQ	6	0	0	19134	0	0	0	1309	113185	209901	0	233477	57594	26363	72458	5855	73376	66894	378453	108873	99871	18682	43851	112580	201850	42160	448535	492739	307477	640301	332651	1471031	570906	2606065	2718099	502	21878361	2423164	113320808	0	0	0	0	0
LFQ	7	0	0	999	0	0	980	1621	120952	214864	0	239108	60375	27530	73494	6042	75192	67114	408727	112250	101866	18720	44492	115365	198025	41354	456927	502758	326148	649129	325649	1482415	577731	2646581	2834138	568	22321756	2461279	112582356	0	0	0	0	0
LFQ	8	0	0	4373	0	0	1787	1844	121221	213838	3	236735	58690	28484	72771	6467	76663	68095	385680	112009	98158	19310	47083	115688	203619	41883	460844	503260	372053	588876	329545	1492606	574601	2625684	2776420	697	22156215	2463217	112838086	0	0	0	0	0
LFQ	9	0	0	746	0	0	2679	2349	126942	216977	2	236149	59468	29316	72863	6821	79320	68646	383459	113963	100188	20505	48689	118050	201008	42543	457828	222697	718201	518615	329804	1486380	494619	2054360	1834713	1592358	6661857	6123	12749501	7724807	110313959	0	0	0
LFQ	10	0	0	3942	0	0	3889	3387	129034	220531	63	239825	60543	30148	73443	7161	80331	69877	378589	115816	103037	20949	50265	119576	206613	43219	467369	225666	829150	410317	338038	1512104	482926	2081324	1872537	1530281	6717201	5778	12705229	8037287	109921060	0	0	0
LFQ	11	0	0	1330	0	0	4933	4106	131053	222832	421	238682	60185	30958	73579	7536	82179	69919	383331	116823	103375	21871	52461	121289	204324	44706	467390	224466	949384	295978	334529	1525917	461003	2106674	1859570	1573594	6768318	6480	12847179	7976970	109723160	0	0	0
LFQ	12	0	0	44764	0	0	6022	5589	134018	227169	1012	244915	61606	31091	74004	7800	82384	72531	375372	121116	106830	21872	56004	121810	213045	46279	476646	228101	1033507	209255	344987	1550854	422440	2116179	1914080	1509180	6832687	7747	12848666	8404624	109142319	0	0	0
LFQ	13	0	0	859	0	0	6925	6589	138272	233794	1998	248069	63531	33849	75464	8123	88610	73215	414813	132281	112428	22782	56962	123925	211035	48409	485775	229904	1075643	195105	340491	1569819	420894	2157964	1921090	1594442	6945324	8810	13084504	8239003	108725804	0	0	0
LFQ	14	0	0	8173	0	0	7974	10326	139105	233900	3295	244541	62711	34207	75281	8597	27582	111941	408417	120404	109796	23839	59946	122689	131933	137685	487077	230596	1058199	200654	338551	878081	1070906	1679676	1919060	1677497	1311801	4333554	3722510	10612134	9041056	25546798	82906013	0
LFQ	15	0	0	897	0	0	9151	15800	141647	241165	5175	249569	63535	34863	77424	10168	31376	116144	409950	126768	115177	25097	64474	126788	135623	144662	494242	239762	1066508	202829	352797	905734	1092009	1694023	1972812	1687480	1376697	4377155	3750255	10767880	8981897	25774544	82214428	0
LFQ	16	0	0	851	0	0	10338	19400	144710	250293	7285	253656	64863	36663	78992	11806	34866	120125	410049	127932	116129	27658	67057	125913	140786	150881	503474	245367	1076439	205115	350341	932117	1093837	1722875	1992415	1728767	1430120	4421856	3833485	10891843	9078088	25830953	81559160	0
LFQ	17	0	0	44220	0	0	11900	24147	147525	257680	9452	253892	64786	36931	80135	13546	38777	123153	388573	130872	118210	28385	71880	127771	145339	164140	500210	245980	1042537	206025	362755	925229	1069499	1654991	2024960	1642725	1494218	4352804	3780359	10930645	9125393	26317142	81139719	0
LFQ	18	0	0	167939	0	0	12762	27671	142660	258451	12409	254181	66199	37370	80991	14461	43290	127773	380566	135528	119791	30189	78212	127133	151706	177905	503870	253616	1033724	211968	366682	915580	1045215	1641508	2066484	1644225	1567488	4374558	3799268	10999288	9135970	26674168	80415706	0
LFQ	19	0	0	153545	0	0	14629	32905	151517	277454	16396	257789	67682	38276	84081	15031	49709	121290	79109	478122	124575	31082	82251	132517	158493	186466	502993	271126	1035667	224891	368413	949977	1056947	1647653	1407860	2385389	1652669	3610544	4008485	9043495	10133015	27054043	81190419	0
LFQ	20	0	0	71883	0	0	16973	37516	158442	291317	21264	259524	69018	42380	88676	15677	58447	136434	104387	514415	129896	33790	87390	134340	167013	198663	519490	279227	1071058	228731	363201	1012328	1061781	1723347	1441436	2490054	1740461	3677876	4235332	9251250	10775488	27177027	79410973	0
LFQ	21	0	0	32738	0	0	17776	40614	164452	301351	27197	257606	69455	45433	91366	17002	66458	147232	130194	473211	129505	37119	95013	136847	175432	218262	519810	290421	1055995	237333	369574	1039083	1063174	1676905	1460968	2480133	1829966	3687896	4284482	9395119	11149747	27351099	78530537	0
LFQ	22	0	0	58137	0	0	19075	44709	169753	309813	33823	248933	67751	45533	93328	18550	72665	153820	128031	414815	127381	41554	102249	140735	188391	242226	509791	294378	1010649	253577	385408	1070411	1093801	1622682	1493452	2446155	1937305	3697016	4256111	9505753	11235793	27400050	78162901	0
LFQ	23	0	0	28517	0	0	25370	44896	175572	320590	41786	241753	65286	47848	95329	18947	83111	168817	150733	383052	128772	46716	108446	144448	196585	270339	505957	301023	978780	262158	391898	1123390	1104016	1588024	1524921	2433451	2055661	3708119	4272115	9612645	11368736	27470630	77608068	0
LFQ	24	0	0	81966	0	0	28634	49078	181944	329699	51578	233105	62084	48387	96212	20643	90268	173817	146170	338866	128510	49873	117430	146268	203559	299139	490285	308846	938614	262570	402714	1155938	1103556	1523745	1565313	2392808	2182001	3698286	4236013	9860878	10899332	26371974	78826402	0
LFQ	25	0	0	36682	0	0	33829	53397	191368	344846	63879	229102	59915	52079	99241	21919	104588	206693	183339	316843	133475	54477	125719	149673	217115	333577	500738	319977	931079	270148	408780	1255435	1128552	1530063	1622268	2443352	2335671	3760182	4317712	10054115	10888610	26631844	77686223	0
LFQ	26	0	0	22346	0	0	37609	57831	183919	346673	84115	233917	57878	54401	103560	23658	116087	227959	182655	286960	134275	60145	136262	155416	229464	368847	514238	331376	908124	292131	419172	1335927	1147889	1509639	1679051	2461086	2493744	3790908	4417622	10248743	11011122	27220369	76211387	0
LFQ	27	0	0	62139	0	0	41948	59882	194235	354023	99899	215980	50538	52741	101096	25954	124460	220007	177620	258401	132115	65532	146069	159092	234663	401479	484348	339787	857272	307983	440746	1355803	1148099	1438850	1728559	2398550	2651532	3775553	4369566	10424210	10938218	28213675	75045881	0
LFQ	28	0	0	16208	0	0	45776	64078	203132	366321	119354	202477	44857	56117	102204	28558	142503	279356	182332	239362	134749	71411	155876	165220	243505	434966	501383	353051	827845	320076	444824	1466621	1164863	1416742	1796980	2419148	2846191	3801180	4409136	10600354	10708957	28608140	74112652	0
LFQ	29	0	0	149594	0	0	49827	68065	213768	382468	143555	185986	39215	56781	103668	31257	154040	257040	175451	227044	136506	76664	168652	171356	250208	472792	509262	368984	797128	327431	463964	1513874	1180743	1371440	1886885	2428412	3058770	3837097	4457931	10951834	10653060	29428982	72346771	0
LFQ	30	0	0	10187	0	0	54643	73311	227911	393968	167731	165917	35900	66104	108470	34005	192654	380619	170955	218831	138732	85027	168721	179662	271661	497679	553245	385705	769232	345351	463330	1665259	1197054	1355897	1981601	2481994	3312687	3868583	4606553	11263185	10670446	29586042	70947653	0
LFQ	31	0	0	85899	0	0	59116	77048	236063	404354	190758	143002	32857	64864	109028	37005	187419	291368	145637	216974	135879	91592	180338	187756	279929	517995	569273	399837	735794	371963	485558	1696133	1226296	1289936	2059880	2442799	3540878	3857662	4622874	11564764	10544805	30268433	69744739	0
LFQ	32	0	0	34072	0	0	67116	83913	251223	418517	220041	121319	33381	71001	115575	40647	234774	332525	129984	223656	137454	101432	194589	198980	292725	543795	619678	426694	709910	400898	490902	1895637	1267568	1272492	2191743	2522916	3851712	3896975	4805582	11993502	10522501	30233458	68147618	0
LFQ	33	0	0	104981	0	0	72537	87154	260117	418229	237238	97052	34206	70032	116166	44030	220269	301064	105501	228198	135254	106026	204271	204655	295028	548248	608293	435451	673912	408410	510369	1869694	1275397	1215690	2262666	2464603	4100660	3835857	4831076	12228370	10377272	30762851	67345678	0
LFQ	34	0	0	34243	0	0	78271	93729	277006	427153	262971	79763	37283	79755	121805	47975	303865	330138	90667	236835	137484	116365	220296	216617	309079	568384	647693	461079	656050	438747	519753	2018522	1309157	1204624	2403516	2508027	4424470	3840623	4973853	12596632	10278709	30783531	65961835	0
LFQ	35	0	0	112457	0	0	83685	97919	289221	424842	273953	64171	38741	79198	123759	52536	261436	306253	76599	244129	138698	121367	222318	224587	312374	581023	623048	477167	646868	454344	547199	1963681	1327221	1185048	2494237	2468313	4694495	3750101	5049558	12803474	10156328	31305708	65020449	0
LFQ	36	0	0	254698	0	0	88346	103667	306490	428334	292914	55200	40997	82470	127462	57639	275362	287742	69536	256824	144992	130570	240349	237672	331058	610884	625902	509693	655689	483310	577507	2012566	1382840	1202935	2648761	2511047	5014145	3756973	5145603	13119280	10102587	31643152	63281309	0
LFQ	37	0	0	267313	0	0	93378	108711	319099	427416	295849	51753	44284	87036	133439	62370	296920	281577	65648	260754	141989	140531	249900	249009	343245	617240	618554	527737	638920	511092	578291	2036777	1391566	1199711	2753205	2484123	5332425	3635403	5234252	13045920	10197821	31069505	63303742	0
LFQ	38	0	0	204060	0	0	98403	113783	336271	426495	297029	53081	48111	97438	140543	68526	336006	282383	66995	265801	143049	150049	262479	261155	359691	629490	602382	550622	640429	541646	596120	2039144	1417941	1223247	2877744	2485653	5640890	3599987	5318232	13096689	10172805	30995027	62657109	0
LFQ	39	0	0	144623	0	0	104336	118386	354374	424979	291196	56022	52841	106671	150980	73914	383014	258729	69734	271617	142198	166399	240456	277127	419791	638999	614958	575234	628044	580629	593780	2112266	1434633	1236183	3010616	2487592	6008634	3491477	5472257	12479757	10859527	30114111	62650421	0
LFQ	40	0	0	106486	0	0	109516	121892	369495	417407	281815	58488	54881	113082	154365	78312	404736	221210	72814	273496	141609	170864	247543	282782	430847	636676	554896	591092	634440	605458	619635	2019719	1450438	1262112	3106799	2487006	6267912	3474438	5545872	12453132	10920293	30299614	62055333	0
LFQ	41	0	0	82552	0	0	116757	126020	382939	412308	272521	63110	57538	117321	163764	83659	402700	191688	76320	278755	139769	184850	255305	301329	455891	642677	535620	618001	635499	649257	624956	2036179	1468915	1288865	3217122	2477515	6598451	3427677	5640411	12221897	10978911	29492834	62376622	0
LFQ	42	0	0	60382	0	0	122255	127255	392079	397319	254965	66439	59207	123002	170062	87607	394752	166246	78800	278874	133755	193782	257323	310621	466074	635966	490690	626960	624896	683080	629686	1952351	1461467	1300344	3270883	2454551	6876624	3369014	5712201	11812694	11150230	28862813	63041256	0
LFQ	43	0	0	48023	0	0	126808	127897	399926	389468	239830	71311	61298	127419	176666	92156	379933	145277	81686	282174	130306	200404	260007	320440	479482	629795	454551	639912	617738	720894	637231	1884767	1464428	1318309	3312164	2444804	7173218	3351992	5760237	11380880	11194863	28094627	63875584	0
LFQ	44	0	0	52529	0	0	132405	131948	416567	389514	233490	75282	62991	134852	184822	97747	363841	129372	86579	292079	131543	211580	268808	334092	505888	635524	422702	667745	620444	765439	663273	1855760	1500335	1356330	3400342	2507233	7484405	3449208	5863011	11235814	11083850	27707252	63641909	0
LFQ	45	0	0	106010	0	0	140130	136170	434692	393504	226633	80221	66871	121558	190957	99244	342213	91916	90997	259170	130580	355932	181688	325761	591157	638827	411418	692243	619234	789553	694362	1814179	1547258	1401568	3483228	2605023	7798049	3580599	5990042	11166632	10853361	27738093	62907432	0
LFQ	46	0	0	34076	0	0	149172	139560	456114	396379	218484	85890	71469	176256	216247	105367	345515	79023	95243	267351	131963	378820	184084	341098	628416	647717	391535	727896	624730	840119	723899	1806487	1603676	1450469	3598017	2719845	8150381	3714064	6172766	11106593	10965808	27331411	62020565	0
LFQ	47	0	0	34393	0	0	150861	137869	461177	390919	203107	91066	72967	152562	211134	108980	320486	69080	98973	267607	127377	388639	185318	364046	651665	632081	362048	738068	630047	867708	741634	1721190	1615294	1477684	3614381	2818471	8524335	3814552	6333924	10828736	11434527	27261269	61192330	0
LFQ	48	0	0	72968	0	0	151471	132014	456504	379127	184070	96725	74326	130450	216410	109283	305219	60011	98433	265400	118680	394446	182497	357290	648828	615630	341017	748761	600389	932948	732715	1661733	1596922	1474185	3584563	2837711	9093218	3854658	6497560	10190976	11756675	26235255	61907437	0
LFQ	49	0	0	110771	0	0	146879	124297	447919	366239	162528	100879	77602	132464	219172	108191	300800	53382	98716	257266	108850	384716	174698	348978	526361	641923	276895	717065	641242	902465	724603	1550591	1553306	1455662	3483584	2847046	9657718	3994345	6692839	8747554	13124377	25663756	62170826	0
LFQ	50	0	0	30027	0	0	154449	126104	468257	369388	153299	104232	81195	203817	239271	110812	270441	50222	101557	265404	110900	397999	177576	359830	551498	642160	258771	747938	642723	941041	743764	1523387	1574232	1477577	3471746	2931887	10358418	4142843	6855976	8426381	12782282	24415227	62833874	0
LFQ	51	0	0	71351	0	0	159826	129342	496219	417618	153293	161407	129017	188072	380703	163781	421001	44047	118726	302094	96046	604849	245565	610069	863760	1077964	458723	1189416	877813	1939993	1036245	3396847	3090017	2547902	7769782	5982269	9096184	6050281	15236752	17853199	32030467	22743652	10962213	0
LFQ	52	0	0	81036	0	0	166211	133414	520274	417445	140803	144527	112263	163345	332362	142937	315544	41451	117211	296677	103833	527130	217175	493098	731028	811052	304436	991972	740523	1456694	886578	2157438	2379449	2098616	5674252	5076837	9772055	5281077	10060744	13621867	32424638	36767856	13392657	0
LFQ	53	0	0	312327	0	0	169428	131535	530629	408367	125349	135689	102590	145604	299145	129724	259921	43106	119331	300120	106845	502418	205025	451249	682208	699017	251861	923703	689893	1260338	865676	1676972	2027029	1842959	4369383	4143436	11511898	5061689	8250411	10290097	20200126	35277281	34594126	0
LFQ	54	0	0	231789	0	0	174922	129260	541337	403168	109114	136971	108778	167425	294699	124302	253390	43298	120542	303296	105285	493949	197837	436069	661760	639336	231263	902248	664326	1192292	865306	1484403	1894519	1747419	3855830	3851250	12783189	5095312	8011066	8626487	15629827	25629437	50955804	0
LFQ	55	0	0	243839	0	0	178747	127563	554289	403010	96415	136895	101669	128640	286837	131594	215745	42039	126341	309482	106530	485821	224901	437597	662284	468000	373232	916160	653610	1184211	887931	1408269	1874081	1740704	3692360	3886645	13774644	5281132	7995451	7996206	14410215	22153073	55400343	0
LFQ	56	0	0	382593	0	0	184818	127538	567376	407839	84382	141152	101221	119495	291906	130024	201885	41844	128657	318510	104161	486938	225504	438203	666924	444650	378753	923355	645805	1200400	912918	1366528	1892853	1764483	3652990	4016091	14706091	5500212	8239649	7531506	14138638	20636137	55994476	0
LFQ	57	0	0	350227	0	0	192771	128279	584878	418599	73798	150569	112642	135295	303431	128847	205359	41516	135143	332643	102077	510835	232412	456291	686138	431178	388793	960051	648996	1245906	944795	1367256	1951960	1814238	3681049	4212766	15644218	5772728	8572182	7272062	14232130	19608235	55066212	0
LFQ	58	0	0	179723	0	0	199684	125427	604886	422487	62511	165641	145700	217527	319699	125521	207065	41021	140279	341927	99234	536507	236894	473738	694458	415863	402578	995695	657635	1275681	978380	1370972	2010236	1871211	3742049	4450889	16604157	6069262	8925583	7068806	14601919	18995267	53320393	0
LFQ	59	0	0	223426	0	0	206195	122687	617005	425734	51480	169051	135669	169952	315013	108485	193728	39894	141673	365728	94694	510105	209934	583217	590878	351384	356416	1237097	658505	1292229	1011372	1365705	2064841	1924248	3787210	4661257	17661644	6387599	9282768	6838005	14758139	18288215	51895323	0
LFQ	60	0	0	203550	0	0	212276	120334	628873	423366	42294	170467	127413	140066	307620	100989	185586	39705	145295	376182	90868	510852	208741	583961	584701	328806	367687	1290539	667694	1282651	1044791	1359638	2098860	1967452	3834511	4862682	18824024	6729553	9644182	6597937	15058196	17648078	50286085	0
LFQ	61	0	0	203103	0	0	220480	118707	649030	431186	34678	175833	132042	136621	310152	96841	188156	39047	151276	391540	89303	526943	212485	606216	584959	322065	382888	1312938	670740	1304554	1087901	1389491	2170187	2037446	3896953	5118056	19993324	7099477	10057602	6420523	15372024	16892207	48269531	0
LFQ	62	0	0	152111	0	0	230060	118944	672070	438956	27173	186512	155787	152958	315341	92800	191419	39196	157797	407522	86832	543419	217857	629790	586671	317705	399191	1368420	684920	1320730	1136174	1421069	2246603	2111193	3989668	5393760	21186338	7492919	10456747	6271371	15766764	16209318	45920400	0
LFQ	63	0	0	303919	0	0	238239	116068	687795	441172	20521	189501	132076	117515	314127	86976	194019	37815	162266	420916	83130	550574	220329	646729	577219	311906	415433	1384992	691568	1310314	1177399	1439049	2286671	2162854	4060265	5640896	22499642	7883959	10876573	6033079	16167653	15562783	43650563	0
LFQ	64	0	0	247942	0	0	247581	114638	713145	444898	15092	204487	157614	147286	321055	82171	202138	37139	168804	437752	79564	575941	224518	672454	578930	312220	433903	1442251	703759	1324897	1224579	1489095	2363523	2239996	4157249	5912966	23842647	8299987	11315956	5834198	16486824	14714442	41324864	0
LFQ	65	0	0	263141	0	0	256456	112775	730632	441955	10814	210634	148551	125448	317578	76831	193637	50583	176410	338956	187701	610693	226402	557714	707912	314172	451433	1458959	517557	1297025	1515539	1537541	2418138	2306797	4256238	6185378	25263699	8741849	11765193	5590835	16864979	13899528	38966822	0
LFQ	66	0	0	320675	0	0	266035	111241	761856	445663	7717	219523	147525	119199	316602	72570	199646	51215	182721	349209	191711	619107	229478	572269	710025	316734	472477	1495455	526495	1285029	1578056	1593468	2480058	2380388	4371417	6480801	26739241	9190543	12215130	5361069	17161368	13102778	36452011	0
LFQ	67	0	0	244053	0	0	271875	106242	776471	433631	4870	234335	185288	148769	309075	67456	205061	50718	187668	356245	192331	630168	229073	572743	701663	315476	487590	1509803	530700	1239615	1625349	1631573	2506959	2431282	4484327	6739755	28364592	9660860	12695387	5081805	17496367	12339522	34047808	0
LFQ	68	0	0	226981	0	0	284411	104198	805637	431643	3069	246053	186632	137064	305284	63349	213918	50702	198387	367283	196069	674523	232197	585229	711850	321862	509587	1572847	542107	1229177	1693523	1703657	2573202	2508048	4606573	7036240	29967400	10141061	13152872	4820813	17718379	11427727	31546951	0
LFQ	69	0	0	253903	0	0	293452	101423	831279	425067	1990	250479	170011	125068	294881	59195	219830	51878	204326	376293	199820	673869	231725	587901	710182	325988	531143	1593353	556786	1182852	1753250	1767055	2608046	2565636	4756723	7350075	31676996	10631432	13638682	4555917	17915871	10635763	28988365	0
LFQ	70	0	0	180188	0	0	301862	98943	862507	422691	1340	275082	233204	131793	295859	56233	232820	51334	214232	388893	206649	710054	237233	449353	557060	660374	559675	1656571	573829	1180396	1830522	1859048	2696419	2670472	4925562	7723076	33297735	11139329	14054558	4290158	18061664	9741436	26268351	0
LFQ	71	0	0	307695	0	0	313139	96287	884657	412518	867	274889	178627	124097	281847	52600	237591	52670	219857	398831	209905	715244	235740	439615	548331	674507	582268	1656999	587441	1121558	1889517	1894640	2718529	2718985	5083174	8044807	35142706	11632499	14509720	4011688	18142713	8943542	23756205	0
LFQ	72	0	0	309210	0	0	321156	92666	910889	403868	660	290365	182117	127055	276229	49468	247132	52199	228856	406651	213434	743326	236117	432744	554747	696164	607716	1693105	602726	1085364	1951187	1951638	2757788	2777636	5219674	8348061	37042270	12144848	14938312	3700521	18100712	8024847	21375047	0
LFQ	73	0	0	175568	0	0	329812	89095	944194	394884	594	326920	305183	133708	268059	46315	257179	52234	238226	416803	221447	771513	237661	425851	560956	723746	639686	1731746	629371	1052845	2028820	2031668	2821761	2866671	5416697	8773868	38832461	12643694	15297896	3428665	17981202	7203942	18795564	0
LFQ	74	0	0	268326	0	0	341614	86341	968215	386971	464	324040	215331	133500	255330	43944	263313	53829	248314	427899	226013	795796	237125	411245	567166	742719	665317	1746454	648850	1002582	2088738	2078505	2847784	2920285	5587055	9123902	40831216	13138071	15680030	3142807	17716961	6368751	16511702	0
LFQ	75	0	0	136547	0	0	351213	83580	1007537	380782	468	358102	295917	130317	248428	41890	274116	54127	259937	438730	234561	820872	237066	401156	587835	768459	701306	1460893	1013828	974295	2168567	2147659	2912021	2998432	5766793	9527507	42759937	13622574	15963152	2871033	17309580	5549254	14238034	0
LFQ	76	0	0	304647	0	0	361002	80159	1033470	369379	466	344152	196949	132996	233410	41154	280422	55828	265062	454307	240199	826158	233500	382089	587156	784275	731369	1433125	1051880	911250	2227054	2184057	2948324	3044219	5977052	9948132	44792330	14083510	16235818	2617387	16792413	4832218	12079587	0
LFQ	77	0	0	275289	0	0	371101	76639	1061496	360071	404	366973	214217	135331	225445	37980	291583	55581	276245	458351	248414	860558	233903	365363	603830	811589	763078	1442307	1085102	874200	2288013	2220194	2979158	3096584	6084611	10245861	46973456	14554612	16417320	2313072	16167194	4028268	10233112	0
LFQ	78	0	0	245225	0	0	382128	73630	1090359	350730	423	385712	221242	137211	214547	36430	301242	55762	286978	467061	258130	886452	231516	345671	620983	832307	794850	1442176	1125840	832983	2355450	2263531	3023886	3156053	6244741	10651460	49101361	14977273	16504976	2056062	15352184	3342159	8447781	0
LFQ	79	0	0	236020	0	0	389500	69549	1112296	340479	371	408568	239760	138724	199242	34975	309286	57150	294221	476138	266190	897672	228441	322399	633779	853825	830082	1428866	1167308	787334	2413630	2291154	3063196	3210175	6424624	11076222	51245729	15374096	16492095	1809812	14412534	2742790	6818273	0
LFQ	80	0	0	219464	0	0	401058	66786	1147827	330642	383	422084	234389	143394	185115	34435	318554	57877	304422	487506	275490	916664	223357	302374	655234	874598	864461	1415238	1208242	743283	2472222	2314640	3106139	3253133	6580218	11465298	53447419	15737019	16380105	1584357	13327065	2188664	5407349	0
LFQ	81	0	0	231285	0	0	413636	62413	1178718	324028	435	431675	206113	144618	176890	33019	330818	57527	320398	496208	290096	952971	223168	283711	685271	902738	908962	1428362	1252547	708460	2549726	2357037	3177919	3334961	6719484	11887057	55535561	16049247	16068279	1356633	12147652	1698948	4169934	0
LFQ	82	0	0	207300	0	0	424649	60186	1207163	317180	415	455802	212567	148155	164838	31989	339955	58884	328575	507256	303133	970295	218698	263638	694799	926863	950857	1405293	1300378	671206	2612987	2392552	3237092	3397217	6882385	12364017	57642872	16298918	15641244	1160480	10874158	1296016	3126493	0
LFQ	83	0	0	68857	0	0	430731	55217	1224063	303755	407	578566	236148	148689	147817	31234	346237	59201	334088	510441	311209	977629	210064	238451	707185	945130	982720	1359412	1334287	627730	2654859	2383283	3271449	3436903	7073348	12826160	59832144	16527066	15119011	981282	9573831	971500	2276401	0
LFQ	84	0	0	195816	0	0	443664	53447	1261836	300449	471	500658	204651	152140	137556	30381	360332	60457	350022	521518	330335	1009332	208125	221475	737108	975940	1037912	1357194	1383180	598383	2737337	2415955	3340013	3521192	7182318	13220292	61866530	16655987	14383835	805298	8226346	692137	1616883	0
LFQ	85	0	0	275853	0	0	453298	49721	1279036	290820	476	488588	188893	154414	124307	30090	364923	60685	350206	529110	340459	1004967	198257	201144	742598	985634	1066343	1302267	1409141	558364	2756327	2401249	3353251	3542104	7306443	13596096	64141325	16755861	13596371	661403	6937206	483954	1115321	0
LFQ	86	0	0	282315	0	0	465879	46862	1310002	285472	484	514120	194583	157731	112852	29566	375580	62228	362064	538063	356507	1027081	192255	183363	761046	1009354	1113234	1272345	1451461	526968	2809534	2405396	3389137	3587293	7397563	13939480	66231961	16752351	12653983	527942	5696557	326293	747600	0
LFQ	87	0	0	298872	0	0	476253	44135	1339224	281305	433	535445	190936	159964	102295	28615	385413	63525	373613	548571	372361	1044247	185763	167261	780966	1033937	1159529	1236947	1493919	500434	2860394	2417373	3430638	3636900	7489650	14311077	68238121	16640687	11606826	414389	4549982	212728	483777	0
LFQ	88	0	0	332284	0	0	485949	41108	1359864	273907	524	542250	180757	161309	90479	28011	390637	64366	381531	555816	385194	1047745	176753	151618	800468	1049470	1198037	1187008	1531882	471403	2885816	2410835	3457135	3671315	7610667	14673562	70245958	16454487	10502307	321597	3531824	137051	305581	0
LFQ	89	0	0	293858	0	0	499332	38354	1393664	272669	477	592820	198271	163777	81592	27053	404775	65194	395326	564908	407365	1072049	170860	136946	821790	1077345	1252616	1156166	1581399	449148	2954386	2435698	3508325	3744572	7700881	15020207	71971247	16154629	9316389	240308	2656023	86149	189937	0
LFQ	90	0	0	250283	0	0	511274	36163	1424239	273839	515	642166	202209	164057	72829	26730	416831	65846	412879	576833	430936	1097235	162944	123709	850221	1109547	1312596	1119520	1628846	427910	3020653	2454716	3565549	3825999	7798632	15415327	73537785	15739506	8116171	175378	1933439	54988	118205	0
LFQ	91	0	0	261378	0	0	523686	33323	1452553	272169	568	645134	185142	166773	62994	26482	426861	67843	427384	588985	450081	1110658	154129	114310	879795	1133326	1364706	1072055	1682899	406202	3066716	2476251	3601820	3885690	7906346	15787840	75057596	15245483	6957666	126749	1363708	35553	75651	0
LFQ	92	0	0	123972	0	0	532556	30443	1476897	269219	521	768877	175836	166630	53935	25966	433101	68075	434614	597058	464264	1106468	144429	104175	899003	1148620	1401142	1012364	1723725	386342	3082644	2487667	3622143	3918329	8030825	16102310	76622979	14709295	5874560	88921	932314	25040	51246	0
LFQ	93	0	0	138455	0	0	542646	28206	1494657	266825	539	763300	165422	167001	45231	25568	440363	69777	447249	604945	481040	1099853	134520	96857	909310	1159283	1439457	953922	1750448	367272	3097668	2490319	3625209	3930811	8093023	16297768	78229920	14130300	4875651	60694	617263	18377	37356	0
LFQ	94	0	0	194486	0	0	558729	25972	1532325	267857	556	686101	161412	167916	38074	25608	451189	72251	465906	625235	502800	1108577	125210	90814	951799	1184216	1498516	905322	1802564	346796	3141894	2504806	3656773	3984855	8176081	16576478	79369680	13450670	3964911	41100	397218	13785	28023	0
LFQ	95	0	0	85179	0	0	569906	23399	1557736	273271	545	811618	157404	54659	145217	24162	463745	72402	468869	632102	531611	1123160	117376	83967	962470	1217062	1559260	864781	1852887	331521	3199104	2539810	3702707	4061093	8242836	16842656	80295395	12743148	3174077	27107	252123	10906	21234	0
LFQ	96	0	0	213736	0	0	579965	21488	1565764	276186	610	727581	152052	51566	140972	24100	473122	72912	484979	642929	551151	1120886	109175	79936	977920	1237735	1607442	811513	1892317	316537	3236075	2557383	3724671	4108328	8335885	17103898	81142443	12032728	2521209	18223	158586	8655	15847	0
LFQ	97	0	0	338642	0	0	592839	19396	1593482	278086	633	745554	150730	48560	139020	23960	481713	74761	480431	654024	572951	1118034	101137	75851	989487	1253414	1652140	760145	1918971	300109	3261121	2556129	3745965	4142493	8409510	17330871	81842377	11319926	1989262	12526	103517	6731	12007	0
LFQ	98	0	0	306127	0	0	603889	17507	1605649	281980	627	790903	146639	45245	135970	22943	490923	74732	492717	659842	593553	1114821	93841	73402	1010889	1272456	1696617	712915	1951090	284160	3284474	2567201	3758946	4165428	8454396	17445878	82592145	10677451	1576404	8919	71787	5112	8927	0
LFQ	99	0	0	240649	0	0	614432	15668	1634834	288744	681	851816	138663	42231	134401	23071	502357	76588	517162	673702	620707	1113652	87733	70249	1041607	1293130	1744718	667266	1993769	270082	3323505	2592822	3795723	4207935	8522287	17638010	82988121	10041556	1259185	6641	52370	3846	6592	0
LFQ	100	0	0	277026	0	0	631697	14262	1668159	292597	676	832137	131166	38917	136307	23078	512252	78835	531349	693504	646603	1113178	81946	70960	1059220	1315379	1802446	623509	2044239	254620	3366684	2624837	3840135	4254716	8591312	17812842	83196342	9456415	1026552	5157	40012	2843	4596	0
LFQ	101	0	0	650109	0	0	924831	24249	2797271	382987	931	1209529	195519	49936	241267	28073	751910	166005	781229	1319585	1179239	1750742	95579	112661	1662583	2104106	3500390	990490	3403737	307580	6199912	4593164	7352021	7823680	11370068	29170650	52596276	4887238	449753	4184	16543	1249	1229	0
# GC Content of first fragments. Use `grep ^GCF | cut -f 2-` to extract this part.
GCF	0.25	22
GCF	1.01	21
GCF	2.01	49
GCF	3.02	79
GCF	4.02	125
GCF	5.03	212
GCF	6.03	301
GCF	7.04	476
GCF	8.04	680
GCF	9.05	844
GCF	10.05	1176
GCF	11.06	1539
GCF	12.06	2143
GCF	13.07	3227
GCF	14.07	4608
GCF	15.08	7359
GCF	16.08	11745
GCF	17.09	19668
GCF	18.09	33653
GCF	19.10	54835
GCF	20.10	86918
GCF	21.11	130685
GCF	22.11	193659
GCF	23.12	275382
GCF	24.12	379635
GCF	25.13	505676
GCF	26.13	659437
GCF	27.14	832727
GCF	28.14	1034836
GCF	29.15	1259789
GCF	30.15	1491151
GCF	31.16	1751978
GCF	32.16	2035494
GCF	32.91	2337022
GCF	33.67	2648046
GCF	34.67	2961058
GCF	35.68	3277419
GCF	36.68	3588033
GCF	37.69	3872650
GCF	38.69	4105179
GCF	39.70	4270065
GCF	40.70	4367417
GCF	41.71	4376289
GCF	42.71	4367843
GCF	43.72	4321217
GCF	44.72	4284502
GCF	45.73	4247201
GCF	46.73	4228892
GCF	47.74	4252003
GCF	48.74	4258598
GCF	49.75	4266889
GCF	50.75	4236300
GCF	51.76	4174039
GCF	52.76	4110300
GCF	53.77	4030656
GCF	54.77	3965473
GCF	55.78	3908970
GCF	56.78	3850438
GCF	57.79	3759912
GCF	58.79	3667860
GCF	59.80	3549017
GCF	60.80	3399645
GCF	61.81	3238825
GCF	62.81	3062554
GCF	63.82	2852428
GCF	64.82	2606154
GCF	65.83	2336205
GCF	66.58	2054465
GCF	67.34	1775141
GCF	68.34	1486293
GCF	69.35	1220274
GCF	70.35	994301
GCF	71.36	801652
GCF	72.36	644732
GCF	73.37	519305
GCF	74.37	422648
GCF	75.38	347213
GCF	76.38	283299
GCF	77.39	232205
GCF	78.39	182117
GCF	79.40	144092
GCF	80.40	112389
GCF	81.41	89263
GCF	82.41	66808
GCF	83.42	50089
GCF	84.42	35065
GCF	85.43	24634
GCF	86.43	17784
GCF	87.44	11686
GCF	88.44	7638
GCF	89.45	4703
GCF	90.45	3976
GCF	91.46	1884
GCF	92.46	1109
GCF	93.47	789
GCF	94.47	597
GCF	95.48	397
GCF	96.48	253
GCF	97.49	213
GCF	98.49	170
GCF	99.50	75
# GC Content of last fragments. Use `grep ^GCL | cut -f 2-` to extract this part.
GCL	0.25	306
GCL	1.01	430
GCL	2.01	674
GCL	3.02	977
GCL	4.02	1622
GCL	5.03	2427
GCL	6.03	3392
GCL	7.04	4629
GCL	8.04	5679
GCL	9.05	6931
GCL	10.05	7964
GCL	11.06	9321
GCL	12.06	10859
GCL	13.07	12334
GCL	14.07	14949
GCL	15.08	18846
GCL	16.08	24616
GCL	17.09	35451
GCL	18.09	52684
GCL	19.10	79872
GCL	20.10	120261
GCL	21.11	174379
GCL	22.11	249095
GCL	23.12	344600
GCL	24.12	461792
GCL	25.13	605141
GCL	26.13	771168
GCL	27.14	954991
GCL	28.14	1166581
GCL	29.15	1392273
GCL	30.15	1625673
GCL	31.16	1883815
GCL	32.16	2158373
GCL	32.91	2443954
GCL	33.67	2730240
GCL	34.67	3025375
GCL	35.68	3312188
GCL	36.68	3595333
GCL	37.69	3850533
GCL	38.69	4055468
GCL	39.70	4199881
GCL	40.70	4281766
GCL	41.71	4284310
GCL	42.71	4261799
GCL	43.72	4214450
GCL	44.72	4176803
GCL	45.73	4135774
GCL	46.73	4130315
GCL	47.74	4148968
GCL	48.74	4162629
GCL	49.75	4173266
GCL	50.75	4145964
GCL	51.76	4084498
GCL	52.76	4013028
GCL	53.77	3937298
GCL	54.77	3870011
GCL	55.78	3820955
GCL	56.78	3761516
GCL	57.79	3678244
GCL	58.79	3582817
GCL	59.80	3482349
GCL	60.80	3349243
GCL	61.81	3196952
GCL	62.81	3034187
GCL	63.82	2835377
GCL	64.82	2604378
GCL	65.83	2346294
GCL	66.58	2073069
GCL	67.34	1796814
GCL	68.34	1512547
GCL	69.35	1253033
GCL	70.35	1027390
GCL	71.36	831122
GCL	72.36	673856
GCL	73.37	546820
GCL	74.37	447574
GCL	75.38	368805
GCL	76.38	302368
GCL	77.39	249127
GCL	78.39	198718
GCL	79.40	159110
GCL	80.40	126572
GCL	81.41	101042
GCL	82.41	77925
GCL	83.42	60260
GCL	84.42	43957
GCL	85.43	32438
GCL	86.43	24433
GCL	87.44	17008
GCL	88.44	12243
GCL	89.45	8650
GCL	90.45	6490
GCL	91.46	4422
GCL	92.46	3224
GCL	93.47	2430
GCL	94.47	1912
GCL	95.48	1422
GCL	96.48	1185
GCL	97.49	888
GCL	98.49	691
GCL	99.50	437
# ACGT content per cycle. Use `grep ^GCC | cut -f 2-` to extract this part. The columns are: cycle; A,C,G,T base counts as a percentage of all A/C/G/T bases [%]; and N and O counts as a percentage of all A/C/G/T bases [%]
GCC	1	25.11	24.85	24.73	25.31	0.03	0.00
GCC	2	26.17	23.78	23.59	26.45	0.00	0.00
GCC	3	25.69	24.37	24.02	25.92	0.00	0.00
GCC	4	25.62	24.51	24.10	25.77	0.00	0.00
GCC	5	25.77	24.38	23.98	25.87	0.00	0.00
GCC	6	25.31	24.86	24.47	25.36	0.01	0.00
GCC	7	25.81	24.38	23.97	25.84	0.00	0.00
GCC	8	26.07	24.13	23.69	26.11	0.00	0.00
GCC	9	25.89	24.33	23.85	25.93	0.00	0.00
GCC	10	26.00	24.22	23.72	26.06	0.00	0.00
GCC	11	26.05	24.18	23.68	26.09	0.00	0.00
GCC	12	25.99	24.25	23.74	26.02	0.02	0.00
GCC	13	26.04	24.21	23.69	26.05	0.01	0.00
GCC	14	26.05	24.20	23.67	26.08	0.00	0.00
GCC	15	25.94	24.32	23.78	25.96	0.00	0.00
GCC	16	25.93	24.34	23.79	25.94	0.00	0.00
GCC	17	25.94	24.33	23.77	25.95	0.01	0.00
GCC	18	25.85	24.44	23.86	25.85	0.06	0.00
GCC	19	25.83	24.47	23.87	25.83	0.05	0.00
GCC	20	25.86	24.45	23.84	25.86	0.02	0.00
GCC	21	25.77	24.55	23.93	25.76	0.01	0.00
GCC	22	25.77	24.54	23.92	25.77	0.03	0.00
GCC	23	25.82	24.50	23.86	25.82	0.01	0.00
GCC	24	25.73	24.59	23.95	25.73	0.03	0.00
GCC	25	25.75	24.57	23.93	25.75	0.01	0.00
GCC	26	25.78	24.56	23.89	25.77	0.01	0.00
GCC	27	25.69	24.65	23.98	25.69	0.02	0.00
GCC	28	25.70	24.64	23.96	25.70	0.01	0.00
GCC	29	25.73	24.62	23.93	25.72	0.05	0.00
GCC	30	25.65	24.71	24.00	25.64	0.00	0.00
GCC	31	25.65	24.71	24.00	25.64	0.03	0.00
GCC	32	25.70	24.67	23.95	25.69	0.01	0.00
GCC	33	25.63	24.75	24.01	25.62	0.04	0.00
GCC	34	25.64	24.74	23.99	25.63	0.01	0.00
GCC	35	25.66	24.72	23.96	25.66	0.04	0.00
GCC	36	25.59	24.78	24.02	25.61	0.09	0.00
GCC	37	25.61	24.78	24.00	25.61	0.09	0.00
GCC	38	25.64	24.75	23.96	25.65	0.07	0.00
GCC	39	25.57	24.82	24.03	25.58	0.06	0.00
GCC	40	25.56	24.83	24.03	25.57	0.04	0.00
GCC	41	25.59	24.80	23.99	25.62	0.03	0.00
GCC	42	25.53	24.88	24.05	25.55	0.02	0.00
GCC	43	25.54	24.86	24.04	25.56	0.02	0.00
GCC	44	25.58	24.82	23.99	25.61	0.02	0.00
GCC	45	25.50	24.90	24.06	25.54	0.04	0.00
GCC	46	25.52	24.88	24.04	25.56	0.01	0.00
GCC	47	25.56	24.85	24.00	25.59	0.01	0.00
GCC	48	25.49	24.93	24.06	25.52	0.02	0.00
GCC	49	25.50	24.92	24.05	25.53	0.04	0.00
GCC	50	25.53	24.88	24.01	25.57	0.01	0.00
GCC	51	25.47	24.96	24.07	25.50	0.03	0.00
GCC	52	25.49	24.94	24.04	25.53	0.03	0.00
GCC	53	25.53	24.89	24.00	25.58	0.10	0.00
GCC	54	25.46	24.97	24.07	25.51	0.08	0.00
GCC	55	25.47	24.97	24.05	25.51	0.09	0.00
GCC	56	25.51	24.92	24.01	25.56	0.14	0.00
GCC	57	25.45	24.98	24.06	25.50	0.12	0.00
GCC	58	25.48	24.97	24.04	25.51	0.06	0.00
GCC	59	25.50	24.94	24.01	25.55	0.07	0.00
GCC	60	25.43	25.01	24.08	25.48	0.07	0.00
GCC	61	25.43	25.01	24.08	25.48	0.07	0.00
GCC	62	25.48	24.96	24.03	25.53	0.06	0.00
GCC	63	25.43	25.02	24.08	25.47	0.11	0.00
GCC	64	25.44	25.01	24.07	25.49	0.09	0.00
GCC	65	25.47	24.97	24.02	25.53	0.10	0.00
GCC	66	25.42	25.03	24.08	25.47	0.12	0.00
GCC	67	25.43	25.02	24.07	25.48	0.09	0.00
GCC	68	25.46	24.99	24.03	25.52	0.09	0.00
GCC	69	25.40	25.06	24.09	25.46	0.09	0.00
GCC	70	25.41	25.05	24.08	25.47	0.07	0.00
GCC	71	25.44	25.01	24.05	25.50	0.11	0.00
GCC	72	25.40	25.05	24.09	25.46	0.11	0.00
GCC	73	25.41	25.05	24.08	25.46	0.06	0.00
GCC	74	25.45	25.00	24.04	25.51	0.09	0.00
GCC	75	25.38	25.06	24.11	25.45	0.06	0.00
GCC	76	25.40	25.04	24.08	25.47	0.11	0.00
GCC	77	25.45	25.01	24.04	25.51	0.10	0.00
GCC	78	25.39	25.07	24.10	25.44	0.09	0.00
GCC	79	25.39	25.06	24.10	25.45	0.08	0.00
GCC	80	25.42	25.03	24.07	25.48	0.07	0.00
GCC	81	25.38	25.08	24.11	25.44	0.09	0.00
GCC	82	25.40	25.06	24.09	25.45	0.07	0.00
GCC	83	25.43	25.02	24.05	25.49	0.03	0.00
GCC	84	25.38	25.08	24.11	25.43	0.07	0.00
GCC	85	25.39	25.07	24.10	25.44	0.10	0.00
GCC	86	25.43	25.03	24.06	25.48	0.10	0.00
GCC	87	25.38	25.08	24.11	25.44	0.10	0.00
GCC	88	25.39	25.07	24.10	25.45	0.12	0.00
GCC	89	25.41	25.03	24.07	25.48	0.10	0.00
GCC	90	25.37	25.08	24.12	25.42	0.09	0.00
GCC	91	25.37	25.08	24.12	25.43	0.10	0.00
GCC	92	25.40	25.04	24.09	25.47	0.04	0.00
GCC	93	25.37	25.08	24.12	25.44	0.05	0.00
GCC	94	25.38	25.07	24.11	25.44	0.07	0.00
GCC	95	25.41	25.03	24.09	25.48	0.03	0.00
GCC	96	25.36	25.08	24.13	25.43	0.07	0.00
GCC	97	25.39	25.05	24.12	25.44	0.12	0.00
GCC	98	25.42	25.01	24.09	25.48	0.10	0.00
GCC	99	25.37	25.06	24.13	25.43	0.08	0.00
GCC	100	25.37	25.06	24.14	25.43	0.10	0.00
GCC	101	25.38	25.05	24.13	25.44	0.22	0.00
# ACGT content per cycle, read oriented. Use `grep ^GCT | cut -f 2-` to extract this part. The columns are: cycle; A,C,G,T base counts as a percentage of all A/C/G/T bases [%]
GCT	1	27.33	24.70	24.88	23.09
GCT	2	26.98	24.32	23.05	25.65
GCT	3	25.29	24.81	23.58	26.32
GCT	4	25.48	24.32	24.29	25.91
GCT	5	26.02	23.72	24.64	25.62
GCT	6	25.67	24.70	24.63	25.00
GCT	7	25.74	24.19	24.16	25.91
GCT	8	25.91	24.40	23.42	26.27
GCT	9	25.59	24.54	23.64	26.23
GCT	10	25.90	24.17	23.77	26.16
GCT	11	25.83	24.10	23.76	26.31
GCT	12	25.65	24.29	23.70	26.36
GCT	13	25.76	24.15	23.75	26.34
GCT	14	25.74	24.14	23.72	26.39
GCT	15	25.61	24.31	23.79	26.29
GCT	16	25.62	24.27	23.86	26.25
GCT	17	25.63	24.26	23.85	26.27
GCT	18	25.49	24.43	23.87	26.20
GCT	19	25.53	24.39	23.94	26.14
GCT	20	25.54	24.37	23.91	26.18
GCT	21	25.43	24.50	23.98	26.09
GCT	22	25.51	24.43	24.02	26.03
GCT	23	25.55	24.37	23.98	26.10
GCT	24	25.43	24.52	24.02	26.03
GCT	25	25.53	24.41	24.09	25.97
GCT	26	25.56	24.37	24.08	25.99
GCT	27	25.46	24.49	24.13	25.92
GCT	28	25.54	24.42	24.19	25.86
GCT	29	25.54	24.39	24.16	25.91
GCT	30	25.42	24.51	24.20	25.87
GCT	31	25.50	24.45	24.26	25.79
GCT	32	25.53	24.43	24.19	25.86
GCT	33	25.44	24.53	24.23	25.80
GCT	34	25.51	24.47	24.26	25.75
GCT	35	25.49	24.45	24.23	25.83
GCT	36	25.43	24.53	24.27	25.77
GCT	37	25.50	24.48	24.30	25.73
GCT	38	25.50	24.43	24.27	25.79
GCT	39	25.40	24.55	24.31	25.75
GCT	40	25.44	24.50	24.37	25.69
GCT	41	25.48	24.46	24.33	25.73
GCT	42	25.38	24.59	24.34	25.69
GCT	43	25.42	24.54	24.36	25.69
GCT	44	25.44	24.50	24.31	25.74
GCT	45	25.35	24.59	24.37	25.69
GCT	46	25.44	24.51	24.41	25.64
GCT	47	25.46	24.48	24.37	25.69
GCT	48	25.35	24.59	24.40	25.66
GCT	49	25.42	24.53	24.44	25.61
GCT	50	25.44	24.51	24.39	25.66
GCT	51	25.35	24.62	24.41	25.62
GCT	52	25.41	24.57	24.41	25.60
GCT	53	25.43	24.52	24.37	25.68
GCT	54	25.33	24.62	24.42	25.63
GCT	55	25.40	24.55	24.47	25.58
GCT	56	25.43	24.53	24.40	25.63
GCT	57	25.36	24.60	24.45	25.59
GCT	58	25.42	24.55	24.46	25.57
GCT	59	25.43	24.52	24.44	25.62
GCT	60	25.34	24.62	24.47	25.57
GCT	61	25.40	24.58	24.50	25.52
GCT	62	25.41	24.55	24.44	25.60
GCT	63	25.33	24.63	24.47	25.57
GCT	64	25.39	24.59	24.49	25.53
GCT	65	25.42	24.54	24.46	25.58
GCT	66	25.35	24.63	24.49	25.53
GCT	67	25.40	24.57	24.52	25.50
GCT	68	25.43	24.54	24.48	25.55
GCT	69	25.35	24.62	24.52	25.51
GCT	70	25.40	24.56	24.56	25.47
GCT	71	25.43	24.54	24.52	25.52
GCT	72	25.36	24.62	24.52	25.49
GCT	73	25.41	24.57	24.56	25.46
GCT	74	25.43	24.54	24.51	25.52
GCT	75	25.35	24.62	24.55	25.48
GCT	76	25.42	24.56	24.56	25.46
GCT	77	25.45	24.51	24.54	25.51
GCT	78	25.37	24.60	24.57	25.45
GCT	79	25.42	24.55	24.61	25.42
GCT	80	25.44	24.53	24.57	25.46
GCT	81	25.39	24.60	24.58	25.43
GCT	82	25.43	24.56	24.59	25.42
GCT	83	25.44	24.52	24.55	25.49
GCT	84	25.36	24.63	24.56	25.45
GCT	85	25.45	24.57	24.59	25.39
GCT	86	25.46	24.53	24.55	25.45
GCT	87	25.40	24.59	24.59	25.41
GCT	88	25.44	24.55	24.62	25.39
GCT	89	25.47	24.51	24.60	25.43
GCT	90	25.40	24.60	24.61	25.39
GCT	91	25.45	24.57	24.63	25.35
GCT	92	25.46	24.55	24.58	25.41
GCT	93	25.41	24.60	24.60	25.39
GCT	94	25.46	24.55	24.63	25.36
GCT	95	25.49	24.52	24.59	25.40
GCT	96	25.43	24.59	24.62	25.36
GCT	97	25.52	24.52	24.65	25.31
GCT	98	25.55	24.48	24.62	25.35
GCT	99	25.50	24.53	24.66	25.31
GCT	100	25.55	24.50	24.69	25.26
GCT	101	25.58	24.48	24.70	25.24
# ACGT content per cycle for first fragments. Use `grep ^FBC | cut -f 2-` to extract this part. The columns are: cycle; A,C,G,T base counts as a percentage of all A/C/G/T bases [%]; and N and O counts as a percentage of all A/C/G/T bases [%]
FBC	1	25.15	24.80	24.43	25.62	0.06	0.00
FBC	2	25.68	24.46	23.99	25.87	0.00	0.00
FBC	3	25.87	24.35	23.88	25.91	0.01	0.00
FBC	4	25.68	24.55	24.07	25.70	0.00	0.00
FBC	5	25.56	24.64	24.19	25.62	0.00	0.00
FBC	6	25.20	25.00	24.57	25.23	0.00	0.00
FBC	7	25.77	24.50	24.02	25.71	0.00	0.00
FBC	8	25.91	24.35	23.88	25.85	0.00	0.00
FBC	9	25.79	24.50	23.99	25.72	0.00	0.00
FBC	10	25.94	24.36	23.82	25.88	0.00	0.00
FBC	11	25.95	24.37	23.81	25.87	0.00	0.00
FBC	12	25.91	24.41	23.85	25.83	0.00	0.00
FBC	13	25.98	24.36	23.78	25.89	0.02	0.00
FBC	14	25.96	24.37	23.78	25.89	0.00	0.00
FBC	15	25.89	24.45	23.86	25.80	0.00	0.00
FBC	16	25.89	24.46	23.85	25.80	0.00	0.00
FBC	17	25.88	24.47	23.87	25.78	0.00	0.00
FBC	18	25.81	24.55	23.94	25.70	0.00	0.00
FBC	19	25.81	24.55	23.91	25.72	0.00	0.00
FBC	20	25.81	24.57	23.91	25.71	0.00	0.00
FBC	21	25.73	24.63	23.99	25.65	0.00	0.00
FBC	22	25.76	24.61	23.95	25.68	0.01	0.00
FBC	23	25.77	24.61	23.92	25.70	0.00	0.00
FBC	24	25.70	24.66	23.99	25.64	0.00	0.00
FBC	25	25.73	24.64	23.96	25.67	0.00	0.00
FBC	26	25.73	24.65	23.95	25.67	0.00	0.00
FBC	27	25.66	24.71	24.01	25.61	0.00	0.00
FBC	28	25.68	24.70	23.98	25.64	0.00	0.00
FBC	29	25.68	24.71	23.98	25.64	0.00	0.00
FBC	30	25.62	24.77	24.03	25.58	0.00	0.00
FBC	31	25.64	24.76	24.01	25.60	0.00	0.00
FBC	32	25.65	24.75	23.98	25.61	0.00	0.00
FBC	33	25.60	24.81	24.03	25.56	0.00	0.00
FBC	34	25.62	24.79	23.99	25.60	0.00	0.00
FBC	35	25.61	24.80	24.00	25.59	0.00	0.00
FBC	36	25.57	24.83	24.03	25.57	0.00	0.00
FBC	37	25.59	24.82	24.01	25.58	0.00	0.00
FBC	38	25.60	24.82	24.00	25.59	0.01	0.00
FBC	39	25.55	24.87	24.04	25.54	0.03	0.00
FBC	40	25.55	24.87	24.03	25.55	0.00	0.00
FBC	41	25.56	24.86	24.01	25.57	0.00	0.00
FBC	42	25.51	24.92	24.06	25.51	0.00	0.00
FBC	43	25.53	24.89	24.03	25.55	0.00	0.00
FBC	44	25.55	24.89	24.01	25.55	0.00	0.00
FBC	45	25.49	24.93	24.07	25.51	0.00	0.00
FBC	46	25.52	24.90	24.03	25.55	0.00	0.00
FBC	47	25.53	24.91	24.03	25.53	0.00	0.00
FBC	48	25.48	24.96	24.07	25.49	0.00	0.00
FBC	49	25.49	24.94	24.05	25.51	0.00	0.00
FBC	50	25.50	24.94	24.03	25.53	0.00	0.00
FBC	51	25.45	25.00	24.08	25.47	0.00	0.00
FBC	52	25.48	24.96	24.04	25.52	0.01	0.00
FBC	53	25.51	24.94	24.02	25.53	0.00	0.00
FBC	54	25.45	24.99	24.07	25.48	0.00	0.00
FBC	55	25.47	24.98	24.05	25.50	0.01	0.00
FBC	56	25.49	24.96	24.04	25.52	0.02	0.00
FBC	57	25.45	25.00	24.07	25.48	0.00	0.00
FBC	58	25.48	24.98	24.04	25.50	0.00	0.00
FBC	59	25.48	24.98	24.03	25.51	0.00	0.00
FBC	60	25.42	25.02	24.09	25.46	0.00	0.00
FBC	61	25.43	25.02	24.07	25.47	0.00	0.00
FBC	62	25.46	25.00	24.05	25.49	0.02	0.00
FBC	63	25.43	25.03	24.09	25.45	0.03	0.00
FBC	64	25.45	25.01	24.06	25.48	0.02	0.00
FBC	65	25.46	25.00	24.05	25.49	0.02	0.00
FBC	66	25.42	25.04	24.08	25.45	0.02	0.00
FBC	67	25.44	25.03	24.07	25.47	0.01	0.00
FBC	68	25.45	25.02	24.05	25.49	0.02	0.00
FBC	69	25.40	25.06	24.10	25.44	0.01	0.00
FBC	70	25.42	25.04	24.08	25.46	0.01	0.00
FBC	71	25.43	25.03	24.07	25.47	0.01	0.00
FBC	72	25.40	25.06	24.09	25.44	0.01	0.00
FBC	73	25.43	25.04	24.08	25.45	0.01	0.00
FBC	74	25.44	25.02	24.06	25.48	0.01	0.00
FBC	75	25.39	25.06	24.11	25.43	0.02	0.00
FBC	76	25.42	25.03	24.07	25.48	0.01	0.00
FBC	77	25.44	25.02	24.06	25.48	0.01	0.00
FBC	78	25.40	25.06	24.11	25.43	0.01	0.00
FBC	79	25.41	25.05	24.09	25.46	0.00	0.00
FBC	80	25.42	25.05	24.08	25.46	0.00	0.00
FBC	81	25.39	25.07	24.10	25.44	0.02	0.00
FBC	82	25.42	25.04	24.08	25.46	0.01	0.00
FBC	83	25.44	25.02	24.06	25.48	0.01	0.00
FBC	84	25.40	25.06	24.11	25.43	0.02	0.00
FBC	85	25.42	25.05	24.08	25.45	0.01	0.00
FBC	86	25.44	25.03	24.06	25.47	0.00	0.00
FBC	87	25.40	25.07	24.10	25.44	0.00	0.00
FBC	88	25.42	25.04	24.08	25.46	0.01	0.00
FBC	89	25.42	25.03	24.08	25.48	0.01	0.00
FBC	90	25.39	25.06	24.11	25.43	0.02	0.00
FBC	91	25.40	25.05	24.10	25.45	0.01	0.00
FBC	92	25.41	25.03	24.09	25.47	0.01	0.00
FBC	93	25.40	25.04	24.11	25.45	0.00	0.00
FBC	94	25.42	25.03	24.09	25.46	0.00	0.00
FBC	95	25.43	25.00	24.08	25.49	0.01	0.00
FBC	96	25.39	25.04	24.11	25.45	0.00	0.00
FBC	97	25.43	25.01	24.09	25.47	0.01	0.00
FBC	98	25.45	24.99	24.07	25.49	0.00	0.00
FBC	99	25.41	25.03	24.11	25.46	0.00	0.00
FBC	100	25.41	25.01	24.11	25.47	0.02	0.00
FBC	101	25.42	25.00	24.09	25.48	0.00	0.00
# ACGT raw counters for first fragments. Use `grep ^FTC | cut -f 2-` to extract this part. The columns are: A,C,G,T,N base counters
FTC	3847268121	3742452178	3619295691	3848818716	912299
# ACGT content per cycle for last fragments. Use `grep ^LBC | cut -f 2-` to extract this part. The columns are: cycle; A,C,G,T base counts as a percentage of all A/C/G/T bases [%]; and N and O counts as a percentage of all A/C/G/T bases [%]
LBC	1	25.06	24.90	25.03	25.00	0.00	0.00
LBC	2	26.67	23.10	23.19	27.04	0.00	0.00
LBC	3	25.51	24.39	24.17	25.93	0.00	0.00
LBC	4	25.56	24.47	24.14	25.84	0.00	0.00
LBC	5	25.98	24.12	23.78	26.13	0.00	0.00
LBC	6	25.42	24.72	24.37	25.49	0.01	0.00
LBC	7	25.86	24.26	23.92	25.96	0.00	0.00
LBC	8	26.23	23.91	23.49	26.37	0.00	0.00
LBC	9	25.98	24.16	23.71	26.15	0.00	0.00
LBC	10	26.07	24.08	23.62	26.23	0.00	0.00
LBC	11	26.15	23.98	23.56	26.31	0.00	0.00
LBC	12	26.06	24.09	23.63	26.21	0.03	0.00
LBC	13	26.11	24.06	23.61	26.22	0.00	0.00
LBC	14	26.14	24.02	23.56	26.28	0.01	0.00
LBC	15	25.99	24.20	23.70	26.12	0.00	0.00
LBC	16	25.97	24.23	23.72	26.08	0.00	0.00
LBC	17	26.01	24.20	23.67	26.13	0.03	0.00
LBC	18	25.89	24.34	23.78	25.99	0.11	0.00
LBC	19	25.86	24.38	23.82	25.95	0.10	0.00
LBC	20	25.91	24.32	23.77	26.00	0.05	0.00
LBC	21	25.80	24.47	23.87	25.86	0.02	0.00
LBC	22	25.79	24.46	23.88	25.87	0.04	0.00
LBC	23	25.87	24.39	23.80	25.95	0.02	0.00
LBC	24	25.75	24.52	23.91	25.82	0.06	0.00
LBC	25	25.76	24.51	23.90	25.82	0.02	0.00
LBC	26	25.83	24.47	23.84	25.87	0.01	0.00
LBC	27	25.71	24.58	23.94	25.77	0.04	0.00
LBC	28	25.72	24.58	23.95	25.75	0.01	0.00
LBC	29	25.78	24.52	23.89	25.81	0.10	0.00
LBC	30	25.67	24.64	23.98	25.71	0.01	0.00
LBC	31	25.67	24.65	23.99	25.69	0.06	0.00
LBC	32	25.74	24.58	23.91	25.77	0.02	0.00
LBC	33	25.65	24.68	23.99	25.68	0.07	0.00
LBC	34	25.65	24.69	23.99	25.67	0.02	0.00
LBC	35	25.71	24.63	23.92	25.73	0.08	0.00
LBC	36	25.62	24.73	24.01	25.64	0.17	0.00
LBC	37	25.62	24.74	24.00	25.65	0.18	0.00
LBC	38	25.68	24.67	23.93	25.72	0.14	0.00
LBC	39	25.59	24.78	24.02	25.61	0.10	0.00
LBC	40	25.57	24.80	24.04	25.60	0.07	0.00
LBC	41	25.63	24.74	23.96	25.67	0.06	0.00
LBC	42	25.54	24.83	24.04	25.58	0.04	0.00
LBC	43	25.55	24.83	24.04	25.58	0.03	0.00
LBC	44	25.62	24.76	23.97	25.66	0.04	0.00
LBC	45	25.52	24.86	24.05	25.57	0.07	0.00
LBC	46	25.52	24.86	24.04	25.57	0.02	0.00
LBC	47	25.59	24.79	23.97	25.64	0.02	0.00
LBC	48	25.49	24.90	24.06	25.55	0.05	0.00
LBC	49	25.50	24.90	24.04	25.55	0.07	0.00
LBC	50	25.56	24.83	23.99	25.62	0.02	0.00
LBC	51	25.48	24.93	24.06	25.54	0.05	0.00
LBC	52	25.49	24.92	24.04	25.55	0.05	0.00
LBC	53	25.56	24.84	23.97	25.63	0.21	0.00
LBC	54	25.47	24.94	24.06	25.53	0.16	0.00
LBC	55	25.46	24.95	24.06	25.53	0.16	0.00
LBC	56	25.53	24.88	23.98	25.60	0.26	0.00
LBC	57	25.45	24.96	24.06	25.53	0.24	0.00
LBC	58	25.48	24.96	24.04	25.53	0.12	0.00
LBC	59	25.51	24.90	23.99	25.59	0.15	0.00
LBC	60	25.43	25.00	24.07	25.51	0.14	0.00
LBC	61	25.43	25.00	24.08	25.49	0.14	0.00
LBC	62	25.50	24.93	24.00	25.57	0.10	0.00
LBC	63	25.43	25.01	24.07	25.49	0.20	0.00
LBC	64	25.43	25.00	24.07	25.50	0.17	0.00
LBC	65	25.49	24.94	24.00	25.57	0.18	0.00
LBC	66	25.42	25.02	24.08	25.48	0.22	0.00
LBC	67	25.42	25.02	24.08	25.49	0.16	0.00
LBC	68	25.47	24.96	24.02	25.56	0.15	0.00
LBC	69	25.39	25.05	24.08	25.47	0.17	0.00
LBC	70	25.40	25.05	24.08	25.47	0.12	0.00
LBC	71	25.45	24.98	24.03	25.53	0.21	0.00
LBC	72	25.39	25.05	24.09	25.48	0.21	0.00
LBC	73	25.39	25.06	24.09	25.47	0.12	0.00
LBC	74	25.45	24.99	24.03	25.54	0.18	0.00
LBC	75	25.38	25.07	24.10	25.46	0.09	0.00
LBC	76	25.39	25.05	24.09	25.47	0.20	0.00
LBC	77	25.45	25.00	24.02	25.54	0.18	0.00
LBC	78	25.37	25.07	24.10	25.46	0.16	0.00
LBC	79	25.36	25.08	24.11	25.45	0.16	0.00
LBC	80	25.42	25.02	24.05	25.50	0.15	0.00
LBC	81	25.36	25.09	24.11	25.44	0.16	0.00
LBC	82	25.38	25.08	24.09	25.45	0.14	0.00
LBC	83	25.43	25.02	24.04	25.51	0.05	0.00
LBC	84	25.36	25.10	24.11	25.43	0.13	0.00
LBC	85	25.36	25.09	24.11	25.43	0.19	0.00
LBC	86	25.42	25.02	24.06	25.50	0.19	0.00
LBC	87	25.36	25.09	24.11	25.44	0.20	0.00
LBC	88	25.35	25.10	24.12	25.43	0.22	0.00
LBC	89	25.41	25.03	24.07	25.49	0.20	0.00
LBC	90	25.34	25.11	24.14	25.41	0.17	0.00
LBC	91	25.34	25.11	24.14	25.41	0.18	0.00
LBC	92	25.40	25.05	24.09	25.47	0.08	0.00
LBC	93	25.34	25.11	24.13	25.42	0.09	0.00
LBC	94	25.35	25.10	24.13	25.42	0.13	0.00
LBC	95	25.38	25.05	24.10	25.47	0.06	0.00
LBC	96	25.32	25.11	24.15	25.41	0.14	0.00
LBC	97	25.35	25.09	24.15	25.41	0.23	0.00
LBC	98	25.40	25.03	24.10	25.47	0.21	0.00
LBC	99	25.33	25.10	24.16	25.40	0.16	0.00
LBC	100	25.33	25.10	24.17	25.39	0.19	0.00
LBC	101	25.33	25.11	24.16	25.40	0.44	0.00
# ACGT raw counters for last fragments. Use `grep ^LTC | cut -f 2-` to extract this part. The columns are: A,C,G,T,N base counters
LTC	3848813340	3724531546	3609199548	3860779489	15423082
# Insert sizes. Use `grep ^IS | cut -f 2-` to extract this part. The columns are: insert size, pairs total, inward oriented pairs, outward oriented pairs, other pairs
IS	0	480	0	12	468
IS	1	0	0	0	0
IS	2	144	0	137	7
IS	3	153	0	150	3
IS	4	153	0	151	2
IS	5	146	0	145	1
IS	6	157	0	155	2
IS	7	136	0	133	3
IS	8	158	0	157	1
IS	9	142	0	140	2
IS	10	151	0	150	1
IS	11	142	0	141	1
IS	12	161	0	161	0
IS	13	176	0	176	0
IS	14	196	0	196	0
IS	15	168	0	167	1
IS	16	182	0	179	3
IS	17	184	0	179	5
IS	18	199	0	197	2
IS	19	1313	514	797	2
IS	20	822	290	529	3
IS	21	574	157	411	6
IS	22	457	88	359	10
IS	23	484	116	348	20
IS	24	429	92	325	12
IS	25	425	93	318	14
IS	26	453	83	361	9
IS	27	512	99	399	14
IS	28	451	107	328	16
IS	29	477	103	356	18
IS	30	500	95	381	24
IS	31	473	104	342	27
IS	32	479	131	330	18
IS	33	430	100	308	22
IS	34	500	92	384	24
IS	35	570	131	408	31
IS	36	518	125	364	29
IS	37	536	116	395	25
IS	38	582	134	421	27
IS	39	581	133	419	29
IS	40	634	184	424	26
IS	41	618	147	437	34
IS	42	601	172	401	28
IS	43	730	193	508	29
IS	44	730	165	525	40
IS	45	675	198	435	42
IS	46	730	192	509	29
IS	47	718	202	478	38
IS	48	781	264	481	36
IS	49	881	284	567	30
IS	50	895	282	567	46
IS	51	974	288	661	25
IS	52	1032	327	655	50
IS	53	977	306	625	46
IS	54	1205	423	742	40
IS	55	1151	413	701	37
IS	56	1173	402	731	40
IS	57	1199	410	751	38
IS	58	1206	398	755	53
IS	59	1270	445	789	36
IS	60	1375	491	839	45
IS	61	1436	504	892	40
IS	62	1461	562	853	46
IS	63	1519	556	918	45
IS	64	1661	600	1020	41
IS	65	1596	604	939	53
IS	66	1709	636	1023	50
IS	67	1708	652	1008	48
IS	68	1951	752	1156	43
IS	69	2060	782	1217	61
IS	70	2143	849	1261	33
IS	71	2179	875	1260	44
IS	72	2410	927	1423	60
IS	73	2684	1080	1555	49
IS	74	2981	1195	1735	51
IS	75	3340	1401	1894	45
IS	76	3589	1519	2031	39
IS	77	3924	1613	2266	45
IS	78	4374	1760	2577	37
IS	79	5103	2162	2897	44
IS	80	5562	2248	3253	61
IS	81	6469	2620	3797	52
IS	82	7442	2924	4469	49
IS	83	8799	3432	5320	47
IS	84	10862	4381	6426	55
IS	85	12662	4943	7675	44
IS	86	14547	5753	8758	36
IS	87	17161	6777	10342	42
IS	88	20554	8018	12491	45
IS	89	23811	9173	14579	59
IS	90	28226	10817	17378	31
IS	91	33351	12814	20487	50
IS	92	39400	14967	24395	38
IS	93	45854	17721	28093	40
IS	94	53908	20457	33409	42
IS	95	62189	23287	38861	41
IS	96	72999	27280	45667	52
IS	97	84054	30256	53760	38
IS	98	97608	33807	63756	45
IS	99	111579	32314	79217	48
IS	100	126900	4098	122750	52
IS	101	143965	71022	72902	41
IS	102	162564	162038	472	54
IS	103	183166	182915	220	31
IS	104	205176	204963	158	55
IS	105	228748	228588	98	62
IS	106	253983	253864	74	45
IS	107	280461	280382	44	35
IS	108	308357	308267	38	52
IS	109	337005	336942	31	32
IS	110	366472	366386	35	51
IS	111	397158	397098	23	37
IS	112	429643	429587	13	43
IS	113	461323	461267	19	37
IS	114	490648	490573	21	54
IS	115	524453	524394	15	44
IS	116	560368	560295	17	56
IS	117	588777	588734	8	35
IS	118	623099	623051	12	36
IS	119	652030	651984	11	35
IS	120	684941	684909	6	26
IS	121	714195	714144	16	35
IS	122	744507	744458	11	38
IS	123	770621	770578	6	37
IS	124	798560	798513	11	36
IS	125	823013	822960	12	41
IS	126	847174	847123	8	43
IS	127	870131	870093	6	32
IS	128	892810	892781	3	26
IS	129	912832	912785	8	39
IS	130	934435	934381	8	46
IS	131	952737	952696	9	32
IS	132	971243	971203	9	31
IS	133	989508	989466	9	33
IS	134	1001144	1001112	6	26
IS	135	1015476	1015420	11	45
IS	136	1026415	1026380	4	31
IS	137	1039431	1039396	8	27
IS	138	1049201	1049161	5	35
IS	139	1060212	1060174	8	30
IS	140	1072636	1072590	5	41
IS	141	1081165	1081120	7	38
IS	142	1088435	1088395	5	35
IS	143	1093199	1093152	8	39
IS	144	1098010	1097986	4	20
IS	145	1102479	1102440	5	34
IS	146	1102263	1102222	4	37
IS	147	1104100	1104064	6	30
IS	148	1107200	1107171	5	24
IS	149	1110593	1110553	5	35
IS	150	1111702	1111663	10	29
IS	151	1113252	1113228	1	23
IS	152	1117121	1117099	2	20
IS	153	1115125	1115083	12	30
IS	154	1112331	1112308	6	17
IS	155	1108804	1108757	7	40
IS	156	1106272	1106234	11	27
IS	157	1107450	1107417	6	27
IS	158	1106331	1106294	11	26
IS	159	1103652	1103613	7	32
IS	160	1104677	1104641	10	26
IS	161	1103382	1103345	6	31
IS	162	1101896	1101870	9	17
IS	163	1098754	1098727	7	20
IS	164	1096510	1096487	1	22
IS	165	1090288	1090255	5	28
IS	166	1085394	1085367	3	24
IS	167	1081416	1081390	6	20
IS	168	1076574	1076542	3	29
IS	169	1074070	1074040	4	26
IS	170	1066414	1066393	2	19
IS	171	1060092	1060065	4	23
IS	172	1056750	1056717	3	30
IS	173	1053238	1053202	11	25
IS	174	1047176	1047152	4	20
IS	175	1043409	1043387	3	19
IS	176	1036736	1036709	5	22
IS	177	1027172	1027143	3	26
IS	178	1018862	1018841	5	16
IS	179	1015127	1015094	7	26
IS	180	1005802	1005780	10	12
IS	181	997299	997275	8	16
IS	182	988429	988398	14	17
IS	183	983290	983264	4	22
IS	184	974962	974935	9	18
IS	185	969438	969405	8	25
IS	186	962166	962139	4	23
IS	187	953307	953292	4	11
IS	188	943276	943247	8	21
IS	189	934788	934758	5	25
IS	190	927724	927705	7	12
IS	191	917748	917716	8	24
IS	192	909332	909308	6	18
IS	193	901095	901061	9	25
IS	194	892745	892715	11	19
IS	195	884988	884973	5	10
IS	196	876197	876173	8	16
IS	197	867534	867509	5	20
IS	198	858027	858018	2	7
IS	199	850432	850412	2	18
IS	200	839423	839401	9	13
IS	201	834548	834537	0	11
IS	202	821967	821937	7	23
IS	203	813688	813672	6	10
IS	204	803840	803820	3	17
IS	205	795614	795593	4	17
IS	206	786669	786652	4	13
IS	207	778591	778570	6	15
IS	208	769642	769621	5	16
IS	209	762413	762393	7	13
IS	210	751757	751742	2	13
IS	211	744506	744497	4	5
IS	212	734580	734561	6	13
IS	213	726338	726322	3	13
IS	214	719355	719342	7	6
IS	215	707292	707281	1	10
IS	216	702120	702100	4	16
IS	217	690816	690798	6	12
IS	218	683964	683939	8	17
IS	219	676027	676010	3	14
IS	220	667968	667948	5	15
IS	221	659353	659337	5	11
IS	222	651454	651436	8	10
IS	223	642308	642298	4	6
IS	224	633732	633722	4	6
IS	225	627811	627797	3	11
IS	226	618037	618019	7	11
IS	227	611223	611211	4	8
IS	228	602502	602477	5	20
IS	229	596880	596863	8	9
IS	230	588628	588619	1	8
IS	231	581658	581642	5	11
IS	232	573088	573078	1	9
IS	233	566365	566359	1	5
IS	234	556057	556039	6	12
IS	235	549867	549858	4	5
IS	236	543722	543711	3	8
IS	237	535140	535130	4	6
IS	238	527549	527538	3	8
IS	239	522832	522822	6	4
IS	240	513571	513562	5	4
IS	241	507712	507697	5	10
IS	242	500171	500164	3	4
IS	243	493908	493893	7	8
IS	244	489021	489011	3	7
IS	245	479704	479694	5	5
IS	246	473478	473468	4	6
IS	247	468676	468666	0	10
IS	248	460304	460302	1	1
IS	249	454743	454737	2	4
IS	250	448520	448506	4	10
IS	251	440993	440982	1	10
IS	252	435775	435768	0	7
IS	253	429668	429661	1	6
IS	254	424247	424233	4	10
IS	255	417646	417642	0	4
IS	256	411076	411070	1	5
IS	257	405500	405492	2	6
IS	258	400039	400028	4	7
IS	259	395742	395732	2	8
IS	260	386738	386727	3	8
IS	261	381996	381986	4	6
IS	262	377230	377224	2	4
IS	263	372480	372471	2	7
IS	264	367235	367230	2	3
IS	265	360265	360261	2	2
IS	266	355230	355223	1	6
IS	267	350350	350347	1	2
IS	268	344116	344113	1	2
IS	269	339789	339786	2	1
IS	270	334750	334745	1	4
IS	271	330445	330441	0	4
IS	272	325743	325735	6	2
IS	273	321245	321241	3	1
IS	274	314913	314906	2	5
IS	275	312080	312072	3	5
IS	276	306680	306673	2	5
IS	277	301596	301594	2	0
IS	278	297047	297039	4	4
IS	279	292567	292566	0	1
IS	280	288651	288650	0	1
IS	281	281984	281979	0	5
IS	282	279574	279572	0	2
IS	283	275401	275390	4	7
IS	284	270709	270700	2	7
IS	285	267868	267863	4	1
IS	286	261671	261668	3	0
IS	287	259251	259246	1	4
IS	288	254333	254324	3	6
IS	289	249916	249912	0	4
IS	290	245788	245785	1	2
IS	291	242939	242937	0	2
IS	292	238367	238364	1	2
IS	293	235681	235678	0	3
IS	294	231285	231275	5	5
IS	295	229606	229601	4	1
IS	296	223999	223996	2	1
IS	297	220606	220601	0	5
IS	298	216948	216944	1	3
IS	299	213455	213448	1	6
IS	300	210218	210213	2	3
IS	301	206893	206891	0	2
IS	302	203652	203649	1	2
IS	303	200987	200983	3	1
IS	304	197199	197197	2	0
IS	305	194279	194277	0	2
IS	306	189610	189607	1	2
IS	307	187000	186998	1	1
IS	308	184457	184454	1	2
IS	309	180562	180555	5	2
IS	310	178494	178486	3	5
IS	311	175776	175775	0	1
IS	312	172408	172405	2	1
IS	313	169700	169690	5	5
IS	314	166969	166964	4	1
IS	315	163773	163771	1	1
IS	316	161472	161469	2	1
IS	317	158729	158725	2	2
IS	318	156018	156014	2	2
IS	319	153161	153157	1	3
IS	320	150473	150469	2	2
IS	321	147373	147370	1	2
IS	322	145869	145865	2	2
IS	323	143603	143599	1	3
IS	324	140462	140458	1	3
IS	325	138914	138911	1	2
IS	326	136677	136672	5	0
IS	327	133955	133953	0	2
IS	328	132224	132219	2	3
IS	329	129645	129645	0	0
IS	330	127840	127837	2	1
IS	331	125240	125237	2	1
IS	332	123571	123570	1	0
IS	333	120603	120594	6	3
IS	334	119425	119422	3	0
IS	335	118126	118121	5	0
IS	336	115869	115860	2	7
IS	337	113186	113181	3	2
IS	338	110558	110553	2	3
IS	339	109575	109571	3	1
IS	340	107911	107910	1	0
IS	341	105750	105747	3	0
IS	342	104254	104252	0	2
IS	343	101958	101956	1	1
IS	344	100685	100681	1	3
IS	345	98933	98930	1	2
IS	346	96950	96949	1	0
IS	347	95243	95242	0	1
IS	348	92751	92747	2	2
IS	349	92290	92288	0	2
IS	350	90379	90378	1	0
IS	351	88821	88819	1	1
IS	352	86955	86952	2	1
IS	353	86490	86485	3	2
IS	354	84697	84693	2	2
IS	355	82993	82991	0	2
IS	356	81667	81663	3	1
IS	357	79367	79364	3	0
IS	358	78366	78364	2	0
IS	359	76913	76911	1	1
IS	360	75976	75976	0	0
IS	361	75057	75053	3	1
IS	362	72743	72742	0	1
IS	363	71876	71870	5	1
IS	364	70961	70959	0	2
IS	365	69185	69183	2	0
IS	366	68060	68055	4	1
IS	367	66361	66359	2	0
IS	368	65164	65164	0	0
IS	369	64202	64200	2	0
IS	370	62301	62299	1	1
IS	371	62010	62006	4	0
IS	372	60753	60750	2	1
IS	373	59308	59306	2	0
IS	374	58224	58221	3	0
IS	375	57155	57153	1	1
IS	376	56049	56049	0	0
IS	377	55077	55075	2	0
IS	378	53983	53983	0	0
IS	379	53467	53463	2	2
IS	380	52132	52129	3	0
IS	381	51384	51380	4	0
IS	382	50061	50059	2	0
IS	383	48995	48993	2	0
IS	384	48035	48028	5	2
IS	385	47240	47236	4	0
IS	386	45984	45981	2	1
IS	387	45324	45322	2	0
IS	388	44065	44064	1	0
IS	389	43703	43699	4	0
IS	390	42821	42818	2	1
IS	391	41635	41633	0	2
IS	392	40704	40700	4	0
IS	393	40281	40279	0	2
IS	394	39467	39465	2	0
IS	395	38714	38708	6	0
IS	396	37410	37407	2	1
IS	397	37168	37167	1	0
IS	398	36518	36513	5	0
IS	399	35529	35525	3	1
IS	400	34746	34745	1	0
IS	401	33930	33926	4	0
IS	402	32960	32954	5	1
IS	403	32314	32310	3	1
IS	404	31693	31689	4	0
IS	405	31508	31507	0	1
# Read lengths. Use `grep ^RL | cut -f 2-` to extract this part. The columns are: read length, count
RL	101	298193010
# Read lengths - first fragments. Use `grep ^FRL | cut -f 2-` to extract this part. The columns are: read length, count
FRL	101	149096505
# Read lengths - last fragments. Use `grep ^LRL | cut -f 2-` to extract this part. The columns are: read length, count
LRL	101	149096505
# Mapping qualities for reads !(UNMAP|SECOND|SUPPL|QCFAIL|DUP). Use `grep ^MAPQ | cut -f 2-` to extract this part. The columns are: mapq, count
MAPQ	0	22241168
MAPQ	1	34775
MAPQ	2	20150
MAPQ	3	58624
MAPQ	4	24540
MAPQ	5	22282
MAPQ	6	34731
MAPQ	7	38679
MAPQ	8	23695
MAPQ	9	62798
MAPQ	10	37272
MAPQ	11	15715
MAPQ	12	28127
MAPQ	13	28923
MAPQ	14	14731
MAPQ	15	51566
MAPQ	16	21586
MAPQ	17	19268
MAPQ	18	31354
MAPQ	19	35632
MAPQ	20	47072
MAPQ	21	75047
MAPQ	22	71628
MAPQ	23	62590
MAPQ	24	106346
MAPQ	25	205481
MAPQ	26	8305
MAPQ	27	641242
MAPQ	28	13706
MAPQ	29	10362
MAPQ	30	32025
MAPQ	31	23497
MAPQ	32	8200
MAPQ	33	49997
MAPQ	34	11960
MAPQ	35	10432
MAPQ	36	26146
MAPQ	37	25097
MAPQ	38	18510
MAPQ	39	63323
MAPQ	40	976076
MAPQ	41	24862
MAPQ	42	54097
MAPQ	43	49251
MAPQ	44	41237
MAPQ	45	112525
MAPQ	46	60529
MAPQ	47	119266
MAPQ	48	159989
MAPQ	49	119887
MAPQ	50	628076
MAPQ	51	45752
MAPQ	52	80771
MAPQ	53	32267
MAPQ	54	41436
MAPQ	55	97240
MAPQ	56	20140
MAPQ	57	82321
MAPQ	58	18728
MAPQ	59	29223
MAPQ	60	270484354
# Indel distribution. Use `grep ^ID | cut -f 2-` to extract this part. The columns are: length, number of insertions, number of deletions
ID	1	636257	1002501
ID	2	175760	291008
ID	3	99687	137346
ID	4	93730	123723
ID	5	64163	45960
ID	6	31385	45225
ID	7	8295	9318
ID	8	15658	23538
ID	9	8353	10126
ID	10	11518	15613
ID	11	2642	4026
ID	12	6493	11634
ID	13	1947	3328
ID	14	2765	5272
ID	15	2993	6703
ID	16	1897	4884
ID	17	409	1271
ID	18	1096	3564
ID	19	361	1392
ID	20	735	2681
ID	21	631	1194
ID	22	346	1281
ID	23	317	510
ID	24	177	1311
ID	25	77	416
ID	26	69	385
ID	27	35	366
ID	28	34	249
ID	29	16	124
ID	30	8	330
ID	31	0	34
ID	32	0	97
ID	33	0	45
ID	34	0	82
ID	35	0	83
ID	36	0	71
ID	37	0	20
ID	38	0	24
ID	39	0	3
ID	40	0	18
ID	41	0	3
ID	42	0	5
ID	43	0	2
# Indels per cycle. Use `grep ^IC | cut -f 2-` to extract this part. The columns are: cycle, number of insertions (fwd), .. (rev) , number of deletions (fwd), .. (rev)
IC	1	6	6	4	3
IC	2	0	1	4	1
IC	3	1	0	2860	3874
IC	4	2404	3202	3386	4856
IC	5	3258	3944	4160	5590
IC	6	3578	4036	4600	6126
IC	7	4095	4658	5282	7307
IC	8	4320	4869	6068	8418
IC	9	4787	5169	6473	8596
IC	10	5126	5577	6664	8701
IC	11	5523	5977	7009	8640
IC	12	5564	5867	7167	8940
IC	13	5790	6147	7396	9259
IC	14	6190	6366	7633	9162
IC	15	6349	6427	7877	9528
IC	16	6280	6594	8168	9856
IC	17	6477	6646	8235	9973
IC	18	6568	7074	8757	10656
IC	19	6736	6957	9043	10750
IC	20	6794	7293	9196	11084
IC	21	7032	7301	9894	11513
IC	22	7096	7591	9788	11260
IC	23	7132	7082	10599	11619
IC	24	7304	7204	10874	11638
IC	25	7373	7331	11117	11506
IC	26	7311	7476	11191	11729
IC	27	7335	7386	11351	11341
IC	28	7536	7513	11456	11569
IC	29	7671	7615	11455	11384
IC	30	7431	7511	11444	11333
IC	31	7598	7680	11077	11177
IC	32	7465	7335	11340	11043
IC	33	7552	7320	11380	10834
IC	34	7483	7733	11072	11003
IC	35	7653	7631	11090	10862
IC	36	7763	7381	11056	10894
IC	37	7476	7367	11038	10506
IC	38	7551	7374	11091	10449
IC	39	7723	7526	10840	10273
IC	40	7739	7319	10913	10428
IC	41	7537	7440	11058	10313
IC	42	7422	7232	10798	10383
IC	43	7614	7175	10951	10479
IC	44	7162	7150	11053	10423
IC	45	7352	7341	11036	10404
IC	46	7402	7114	10880	10581
IC	47	7421	7055	11050	10546
IC	48	7139	6958	11045	10614
IC	49	7310	7052	11136	10166
IC	50	7166	6981	10819	10125
IC	51	7260	7033	10891	10074
IC	52	7139	7145	10950	10046
IC	53	7191	7090	10844	9864
IC	54	7177	6757	10670	9941
IC	55	7407	6952	10693	9936
IC	56	6892	6971	10385	9939
IC	57	7093	6660	10622	9837
IC	58	6942	6709	10366	9674
IC	59	6884	6728	10421	9720
IC	60	7040	6691	10299	9518
IC	61	6810	6608	10222	9639
IC	62	6838	6628	10448	9265
IC	63	6850	6549	10234	9460
IC	64	6755	6551	10046	9455
IC	65	6589	6528	10266	9698
IC	66	6708	6441	9927	9506
IC	67	6534	6525	9957	9434
IC	68	6404	6414	10119	9560
IC	69	6432	6284	9710	9204
IC	70	6300	5991	9604	9193
IC	71	6304	6109	9730	9014
IC	72	6342	6085	9617	9072
IC	73	6158	5981	9392	8882
IC	74	6013	6000	9512	8863
IC	75	6018	5762	9220	8999
IC	76	5848	5770	9057	8706
IC	77	5768	5674	9078	8636
IC	78	5689	5612	8924	8703
IC	79	5583	5499	8974	8621
IC	80	5488	5493	8826	8431
IC	81	5593	5509	8571	8414
IC	82	5358	5177	8475	8049
IC	83	5246	5277	8374	8014
IC	84	5100	5008	8113	7691
IC	85	4957	4876	8040	7640
IC	86	4970	4818	7796	7434
IC	87	4514	4602	7534	7337
IC	88	4620	4405	7479	7024
IC	89	4206	4097	7113	6800
IC	90	4013	4091	6906	6503
IC	91	3827	3876	6774	6294
IC	92	3654	3692	6645	6282
IC	93	3325	3414	6280	6007
IC	94	3131	3340	5651	5244
IC	95	2846	3122	5551	5396
IC	96	2899	3370	5646	5520
IC	97	2625	3228	5958	5940
IC	98	3555	4234	5915	5861
IC	99	2	2	4	5
IC	100	0	0	0	3
# Coverage distribution. Use `grep ^COV | cut -f 2-` to extract this part.
COV	[1-1]	1	599398747
COV	[2-2]	2	423269817
COV	[3-3]	3	220900011
COV	[4-4]	4	149771897
COV	[5-5]	5	87015281
COV	[6-6]	6	59072694
COV	[7-7]	7	37663498
COV	[8-8]	8	26286873
COV	[9-9]	9	18159025
COV	[10-10]	10	13312651
COV	[11-11]	11	9875483
COV	[12-12]	12	7622346
COV	[13-13]	13	6004518
COV	[14-14]	14	4866738
COV	[15-15]	15	4043777
COV	[16-16]	16	3433344
COV	[17-17]	17	2962634
COV	[18-18]	18	2602651
COV	[19-19]	19	2318123
COV	[20-20]	20	2084704
COV	[21-21]	21	1891237
COV	[22-22]	22	1740072
COV	[23-23]	23	1614485
COV	[24-24]	24	1500779
COV	[25-25]	25	1408491
COV	[26-26]	26	1324612
COV	[27-27]	27	1253097
COV	[28-28]	28	1186853
COV	[29-29]	29	1125063
COV	[30-30]	30	1078997
COV	[31-31]	31	1033935
COV	[32-32]	32	993057
COV	[33-33]	33	953978
COV	[34-34]	34	922287
COV	[35-35]	35	890125
COV	[36-36]	36	862022
COV	[37-37]	37	836772
COV	[38-38]	38	811792
COV	[39-39]	39	789733
COV	[40-40]	40	769143
COV	[41-41]	41	746723
COV	[42-42]	42	727733
COV	[43-43]	43	705410
COV	[44-44]	44	691415
COV	[45-45]	45	673621
COV	[46-46]	46	657728
COV	[47-47]	47	642895
COV	[48-48]	48	631064
COV	[49-49]	49	616314
COV	[50-50]	50	603921
COV	[51-51]	51	594395
COV	[52-52]	52	580258
COV	[53-53]	53	569939
COV	[54-54]	54	560510
COV	[55-55]	55	549914
COV	[56-56]	56	542763
COV	[57-57]	57	531864
COV	[58-58]	58	523276
COV	[59-59]	59	512723
COV	[60-60]	60	504961
COV	[61-61]	61	497041
COV	[62-62]	62	488254
COV	[63-63]	63	480791
COV	[64-64]	64	473282
COV	[65-65]	65	468091
COV	[66-66]	66	460054
COV	[67-67]	67	451611
COV	[68-68]	68	446102
COV	[69-69]	69	441449
COV	[70-70]	70	435230
COV	[71-71]	71	430829
COV	[72-72]	72	424277
COV	[73-73]	73	416227
COV	[74-74]	74	413604
COV	[75-75]	75	406930
COV	[76-76]	76	401025
COV	[77-77]	77	397692
COV	[78-78]	78	391997
COV	[79-79]	79	388515
COV	[80-80]	80	383211
COV	[81-81]	81	378784
COV	[82-82]	82	374584
COV	[83-83]	83	369863
COV	[84-84]	84	366322
COV	[85-85]	85	362700
COV	[86-86]	86	357927
COV	[87-87]	87	355782
COV	[88-88]	88	350641
COV	[89-89]	89	345839
COV	[90-90]	90	343014
COV	[91-91]	91	338954
COV	[92-92]	92	336621
COV	[93-93]	93	331563
COV	[94-94]	94	329240
COV	[95-95]	95	325367
COV	[96-96]	96	322205
COV	[97-97]	97	319672
COV	[98-98]	98	315174
COV	[99-99]	99	314722
COV	[100-100]	100	310235
COV	[101-101]	101	307979
COV	[102-102]	102	305391
COV	[103-103]	103	302670
COV	[104-104]	104	299421
COV	[105-105]	105	298004
COV	[106-106]	106	294708
COV	[107-107]	107	290935
COV	[108-108]	108	290571
COV	[109-109]	109	288367
COV	[110-110]	110	286248
COV	[111-111]	111	282330
COV	[112-112]	112	281068
COV	[113-113]	113	278369
COV	[114-114]	114	276568
COV	[115-115]	115	274366
COV	[116-116]	116	273315
COV	[117-117]	117	269325
COV	[118-118]	118	267575
COV	[119-119]	119	266165
COV	[120-120]	120	263859
COV	[121-121]	121	262608
COV	[122-122]	122	260634
COV	[123-123]	123	258342
COV	[124-124]	124	257401
COV	[125-125]	125	255532
COV	[126-126]	126	254071
COV	[127-127]	127	253256
COV	[128-128]	128	251258
COV	[129-129]	129	248419
COV	[130-130]	130	247096
COV	[131-131]	131	245786
COV	[132-132]	132	244805
COV	[133-133]	133	243619
COV	[134-134]	134	241043
COV	[135-135]	135	239766
COV	[136-136]	136	238285
COV	[137-137]	137	237200
COV	[138-138]	138	235511
COV	[139-139]	139	233939
COV	[140-140]	140	232586
COV	[141-141]	141	231305
COV	[142-142]	142	230259
COV	[143-143]	143	229384
COV	[144-144]	144	227764
COV	[145-145]	145	227045
COV	[146-146]	146	225196
COV	[147-147]	147	224585
COV	[148-148]	148	222448
COV	[149-149]	149	220994
COV	[150-150]	150	220157
COV	[151-151]	151	218816
COV	[152-152]	152	217332
COV	[153-153]	153	216483
COV	[154-154]	154	214580
COV	[155-155]	155	213597
COV	[156-156]	156	212013
COV	[157-157]	157	211888
COV	[158-158]	158	210843
COV	[159-159]	159	208890
COV	[160-160]	160	208104
COV	[161-161]	161	208059
COV	[162-162]	162	205726
COV	[163-163]	163	205885
COV	[164-164]	164	204534
COV	[165-165]	165	204910
COV	[166-166]	166	203038
COV	[167-167]	167	201375
COV	[168-168]	168	200506
COV	[169-169]	169	200089
COV	[170-170]	170	199613
COV	[171-171]	171	199293
COV	[172-172]	172	198285
COV	[173-173]	173	197008
COV	[174-174]	174	196410
COV	[175-175]	175	195354
COV	[176-176]	176	194964
COV	[177-177]	177	194636
COV	[178-178]	178	193452
COV	[179-179]	179	191652
COV	[180-180]	180	191583
COV	[181-181]	181	190414
COV	[182-182]	182	189055
COV	[183-183]	183	189345
COV	[184-184]	184	187346
COV	[185-185]	185	186341
COV	[186-186]	186	187093
COV	[187-187]	187	185877
COV	[188-188]	188	185551
COV	[189-189]	189	184108
COV	[190-190]	190	183900
COV	[191-191]	191	183260
COV	[192-192]	192	182138
COV	[193-193]	193	182065
COV	[194-194]	194	180851
COV	[195-195]	195	179587
COV	[196-196]	196	179460
COV	[197-197]	197	178960
COV	[198-198]	198	177833
COV	[199-199]	199	176874
COV	[200-200]	200	176223
COV	[201-201]	201	176064
COV	[202-202]	202	175859
COV	[203-203]	203	175176
COV	[204-204]	204	174743
COV	[205-205]	205	173767
COV	[206-206]	206	173686
COV	[207-207]	207	173862
COV	[208-208]	208	172676
COV	[209-209]	209	171345
COV	[210-210]	210	171309
COV	[211-211]	211	170180
COV	[212-212]	212	169282
COV	[213-213]	213	168599
COV	[214-214]	214	168561
COV	[215-215]	215	168258
COV	[216-216]	216	167146
COV	[217-217]	217	166735
COV	[218-218]	218	165709
COV	[219-219]	219	165388
COV	[220-220]	220	164195
COV	[221-221]	221	165334
COV	[222-222]	222	164655
COV	[223-223]	223	163878
COV	[224-224]	224	164035
COV	[225-225]	225	163232
COV	[226-226]	226	162138
COV	[227-227]	227	161604
COV	[228-228]	228	161447
COV	[229-229]	229	159561
COV	[230-230]	230	160125
COV	[231-231]	231	159084
COV	[232-232]	232	159082
COV	[233-233]	233	157545
COV	[234-234]	234	156990
COV	[235-235]	235	157127
COV	[236-236]	236	156577
COV	[237-237]	237	156176
COV	[238-238]	238	155399
COV	[239-239]	239	154953
COV	[240-240]	240	154154
COV	[241-241]	241	153529
COV	[242-242]	242	153879
COV	[243-243]	243	154517
COV	[244-244]	244	152885
COV	[245-245]	245	152087
COV	[246-246]	246	151664
COV	[247-247]	247	151157
COV	[248-248]	248	151001
COV	[249-249]	249	150183
COV	[250-250]	250	149807
COV	[251-251]	251	147720
COV	[252-252]	252	148230
COV	[253-253]	253	147786
COV	[254-254]	254	147339
COV	[255-255]	255	146833
COV	[256-256]	256	146356
COV	[257-257]	257	146040
COV	[258-258]	258	145527
COV	[259-259]	259	144893
COV	[260-260]	260	144440
COV	[261-261]	261	143095
COV	[262-262]	262	143182
COV	[263-263]	263	142880
COV	[264-264]	264	142425
COV	[265-265]	265	142018
COV	[266-266]	266	141917
COV	[267-267]	267	142028
COV	[268-268]	268	140278
COV	[269-269]	269	140529
COV	[270-270]	270	139864
COV	[271-271]	271	139945
COV	[272-272]	272	139194
COV	[273-273]	273	138872
COV	[274-274]	274	138831
COV	[275-275]	275	137796
COV	[276-276]	276	137861
COV	[277-277]	277	137379
COV	[278-278]	278	136730
COV	[279-279]	279	136333
COV	[280-280]	280	136420
COV	[281-281]	281	135209
COV	[282-282]	282	135386
COV	[283-283]	283	135411
COV	[284-284]	284	134695
COV	[285-285]	285	133445
COV	[286-286]	286	133516
COV	[287-287]	287	133309
COV	[288-288]	288	132612
COV	[289-289]	289	133065
COV	[290-290]	290	131560
COV	[291-291]	291	131189
COV	[292-292]	292	131678
COV	[293-293]	293	130988
COV	[294-294]	294	130318
COV	[295-295]	295	129908
COV	[296-296]	296	129150
COV	[297-297]	297	129124
COV	[298-298]	298	128660
COV	[299-299]	299	128042
COV	[300-300]	300	127166
COV	[301-301]	301	127526
COV	[302-302]	302	125910
COV	[303-303]	303	126415
COV	[304-304]	304	125369
COV	[305-305]	305	125287
COV	[306-306]	306	124532
COV	[307-307]	307	124472
COV	[308-308]	308	123937
COV	[309-309]	309	123667
COV	[310-310]	310	123236
COV	[311-311]	311	123423
COV	[312-312]	312	122812
COV	[313-313]	313	123035
COV	[314-314]	314	121808
COV	[315-315]	315	121917
COV	[316-316]	316	121179
COV	[317-317]	317	121188
COV	[318-318]	318	120051
COV	[319-319]	319	120100
COV	[320-320]	320	120748
COV	[321-321]	321	119493
COV	[322-322]	322	118805
COV	[323-323]	323	118079
COV	[324-324]	324	117911
COV	[325-325]	325	117484
COV	[326-326]	326	117291
COV	[327-327]	327	117196
COV	[328-328]	328	116008
COV	[329-329]	329	116315
COV	[330-330]	330	115338
COV	[331-331]	331	116060
COV	[332-332]	332	115641
COV	[333-333]	333	114345
COV	[334-334]	334	114749
COV	[335-335]	335	114364
COV	[336-336]	336	114730
COV	[337-337]	337	113523
COV	[338-338]	338	113510
COV	[339-339]	339	112796
COV	[340-340]	340	112614
COV	[341-341]	341	112000
COV	[342-342]	342	111312
COV	[343-343]	343	111641
COV	[344-344]	344	111159
COV	[345-345]	345	110405
COV	[346-346]	346	109350
COV	[347-347]	347	110175
COV	[348-348]	348	109258
COV	[349-349]	349	109622
COV	[350-350]	350	108492
COV	[351-351]	351	108837
COV	[352-352]	352	108766
COV	[353-353]	353	108126
COV	[354-354]	354	108401
COV	[355-355]	355	107746
COV	[356-356]	356	107120
COV	[357-357]	357	106911
COV	[358-358]	358	106866
COV	[359-359]	359	107088
COV	[360-360]	360	105630
COV	[361-361]	361	105357
COV	[362-362]	362	105406
COV	[363-363]	363	104518
COV	[364-364]	364	104751
COV	[365-365]	365	104677
COV	[366-366]	366	103839
COV	[367-367]	367	103555
COV	[368-368]	368	102541
COV	[369-369]	369	102034
COV	[370-370]	370	102463
COV	[371-371]	371	102368
COV	[372-372]	372	100933
COV	[373-373]	373	101081
COV	[374-374]	374	99955
COV	[375-375]	375	99983
COV	[376-376]	376	99501
COV	[377-377]	377	99630
COV	[378-378]	378	98749
COV	[379-379]	379	98976
COV	[380-380]	380	98779
COV	[381-381]	381	98061
COV	[382-382]	382	97755
COV	[383-383]	383	97680
COV	[384-384]	384	97293
COV	[385-385]	385	97050
COV	[386-386]	386	96868
COV	[387-387]	387	95624
COV	[388-388]	388	96300
COV	[389-389]	389	95293
COV	[390-390]	390	94770
COV	[391-391]	391	94433
COV	[392-392]	392	93611
COV	[393-393]	393	93924
COV	[394-394]	394	93689
COV	[395-395]	395	93247
COV	[396-396]	396	93426
COV	[397-397]	397	92963
COV	[398-398]	398	92458
COV	[399-399]	399	92227
COV	[400-400]	400	91181
COV	[401-401]	401	91382
COV	[402-402]	402	90820
COV	[403-403]	403	91279
COV	[404-404]	404	90647
COV	[405-405]	405	90234
COV	[406-406]	406	90011
COV	[407-407]	407	89606
COV	[408-408]	408	89494
COV	[409-409]	409	89159
COV	[410-410]	410	89040
COV	[411-411]	411	88416
COV	[412-412]	412	88043
COV	[413-413]	413	87613
COV	[414-414]	414	87012
COV	[415-415]	415	87341
COV	[416-416]	416	86057
COV	[417-417]	417	86520
COV	[418-418]	418	85727
COV	[419-419]	419	85873
COV	[420-420]	420	85628
COV	[421-421]	421	85201
COV	[422-422]	422	84873
COV	[423-423]	423	83957
COV	[424-424]	424	84087
COV	[425-425]	425	83430
COV	[426-426]	426	83512
COV	[427-427]	427	83298
COV	[428-428]	428	82987
COV	[429-429]	429	82159
COV	[430-430]	430	82235
COV	[431-431]	431	81883
COV	[432-432]	432	80959
COV	[433-433]	433	80719
COV	[434-434]	434	81029
COV	[435-435]	435	80387
COV	[436-436]	436	80433
COV	[437-437]	437	79672
COV	[438-438]	438	79827
COV	[439-439]	439	79324
COV	[440-440]	440	79156
COV	[441-441]	441	78923
COV	[442-442]	442	78499
COV	[443-443]	443	78393
COV	[444-444]	444	78353
COV	[445-445]	445	77786
COV	[446-446]	446	77133
COV	[447-447]	447	77257
COV	[448-448]	448	77148
COV	[449-449]	449	76769
COV	[450-450]	450	76436
COV	[451-451]	451	76156
COV	[452-452]	452	75649
COV	[453-453]	453	75040
COV	[454-454]	454	75020
COV	[455-455]	455	74271
COV	[456-456]	456	74199
COV	[457-457]	457	73579
COV	[458-458]	458	73579
COV	[459-459]	459	73428
COV	[460-460]	460	72770
COV	[461-461]	461	72703
COV	[462-462]	462	72212
COV	[463-463]	463	72450
COV	[464-464]	464	72527
COV	[465-465]	465	71463
COV	[466-466]	466	71039
COV	[467-467]	467	71218
COV	[468-468]	468	71275
COV	[469-469]	469	70696
COV	[470-470]	470	70948
COV	[471-471]	471	70683
COV	[472-472]	472	69822
COV	[473-473]	473	69474
COV	[474-474]	474	69394
COV	[475-475]	475	69040
COV	[476-476]	476	68648
COV	[477-477]	477	68565
COV	[478-478]	478	68049
COV	[479-479]	479	68129
COV	[480-480]	480	67719
COV	[481-481]	481	67115
COV	[482-482]	482	67408
COV	[483-483]	483	66963
COV	[484-484]	484	66643
COV	[485-485]	485	66141
COV	[486-486]	486	65827
COV	[487-487]	487	66351
COV	[488-488]	488	65056
COV	[489-489]	489	64706
COV	[490-490]	490	64815
COV	[491-491]	491	64485
COV	[492-492]	492	63855
COV	[493-493]	493	64174
COV	[494-494]	494	63915
COV	[495-495]	495	63553
COV	[496-496]	496	63151
COV	[497-497]	497	62974
COV	[498-498]	498	62828
COV	[499-499]	499	62340
COV	[500-500]	500	62411
COV	[501-501]	501	61578
COV	[502-502]	502	61497
COV	[503-503]	503	61303
COV	[504-504]	504	61170
COV	[505-505]	505	60975
COV	[506-506]	506	60439
COV	[507-507]	507	60438
COV	[508-508]	508	60487
COV	[509-509]	509	59731
COV	[510-510]	510	59813
COV	[511-511]	511	59692
COV	[512-512]	512	59010
COV	[513-513]	513	58408
COV	[514-514]	514	58671
COV	[515-515]	515	58338
COV	[516-516]	516	57978
COV	[517-517]	517	58311
COV	[518-518]	518	57309
COV	[519-519]	519	57464
COV	[520-520]	520	56934
COV	[521-521]	521	56841
COV	[522-522]	522	56590
COV	[523-523]	523	56647
COV	[524-524]	524	56141
COV	[525-525]	525	55840
COV	[526-526]	526	55657
COV	[527-527]	527	55801
COV	[528-528]	528	55394
COV	[529-529]	529	55298
COV	[530-530]	530	54635
COV	[531-531]	531	54549
COV	[532-532]	532	54327
COV	[533-533]	533	53863
COV	[534-534]	534	53895
COV	[535-535]	535	53291
COV	[536-536]	536	53379
COV	[537-537]	537	53100
COV	[538-538]	538	52837
COV	[539-539]	539	52610
COV	[540-540]	540	52469
COV	[541-541]	541	51603
COV	[542-542]	542	51761
COV	[543-543]	543	51086
COV	[544-544]	544	51240
COV	[545-545]	545	51328
COV	[546-546]	546	50975
COV	[547-547]	547	50537
COV	[548-548]	548	50081
COV	[549-549]	549	49940
COV	[550-550]	550	49365
COV	[551-551]	551	49460
COV	[552-552]	552	49480
COV	[553-553]	553	49044
COV	[554-554]	554	48443
COV	[555-555]	555	48414
COV	[556-556]	556	48100
COV	[557-557]	557	48075
COV	[558-558]	558	47941
COV	[559-559]	559	47435
COV	[560-560]	560	47173
COV	[561-561]	561	47171
COV	[562-562]	562	47037
COV	[563-563]	563	46494
COV	[564-564]	564	46480
COV	[565-565]	565	45707
COV	[566-566]	566	45794
COV	[567-567]	567	46150
COV	[568-568]	568	45750
COV	[569-569]	569	45945
COV	[570-570]	570	45407
COV	[571-571]	571	45159
COV	[572-572]	572	45325
COV	[573-573]	573	45005
COV	[574-574]	574	44511
COV	[575-575]	575	44286
COV	[576-576]	576	44287
COV	[577-577]	577	44194
COV	[578-578]	578	44300
COV	[579-579]	579	43601
COV	[580-580]	580	43666
COV	[581-581]	581	43105
COV	[582-582]	582	43035
COV	[583-583]	583	42593
COV	[584-584]	584	42442
COV	[585-585]	585	42387
COV	[586-586]	586	42175
COV	[587-587]	587	41844
COV	[588-588]	588	41780
COV	[589-589]	589	41506
COV	[590-590]	590	41304
COV	[591-591]	591	41224
COV	[592-592]	592	41227
COV	[593-593]	593	40890
COV	[594-594]	594	40838
COV	[595-595]	595	40286
COV	[596-596]	596	40082
COV	[597-597]	597	40375
COV	[598-598]	598	39815
COV	[599-599]	599	39635
COV	[600-600]	600	39502
COV	[601-601]	601	39277
COV	[602-602]	602	39358
COV	[603-603]	603	38854
COV	[604-604]	604	38949
COV	[605-605]	605	38891
COV	[606-606]	606	38498
COV	[607-607]	607	38214
COV	[608-608]	608	37691
COV	[609-609]	609	37969
COV	[610-610]	610	38101
COV	[611-611]	611	37775
COV	[612-612]	612	37405
COV	[613-613]	613	37762
COV	[614-614]	614	37265
COV	[615-615]	615	36592
COV	[616-616]	616	36842
COV	[617-617]	617	36286
COV	[618-618]	618	36425
COV	[619-619]	619	36000
COV	[620-620]	620	35996
COV	[621-621]	621	35631
COV	[622-622]	622	35361
COV	[623-623]	623	35212
COV	[624-624]	624	35106
COV	[625-625]	625	35185
COV	[626-626]	626	35099
COV	[627-627]	627	35043
COV	[628-628]	628	34807
COV	[629-629]	629	34755
COV	[630-630]	630	34722
COV	[631-631]	631	34103
COV	[632-632]	632	34264
COV	[633-633]	633	33967
COV	[634-634]	634	33966
COV	[635-635]	635	33494
COV	[636-636]	636	33512
COV	[637-637]	637	33331
COV	[638-638]	638	33275
COV	[639-639]	639	32675
COV	[640-640]	640	32708
COV	[641-641]	641	32241
COV	[642-642]	642	32250
COV	[643-643]	643	32202
COV	[644-644]	644	31967
COV	[645-645]	645	31676
COV	[646-646]	646	31852
COV	[647-647]	647	31245
COV	[648-648]	648	31181
COV	[649-649]	649	30862
COV	[650-650]	650	30928
COV	[651-651]	651	30436
COV	[652-652]	652	30637
COV	[653-653]	653	30787
COV	[654-654]	654	30132
COV	[655-655]	655	29802
COV	[656-656]	656	29704
COV	[657-657]	657	29421
COV	[658-658]	658	29509
COV	[659-659]	659	29601
COV	[660-660]	660	28977
COV	[661-661]	661	28835
COV	[662-662]	662	28741
COV	[663-663]	663	28911
COV	[664-664]	664	28557
COV	[665-665]	665	28490
COV	[666-666]	666	28028
COV	[667-667]	667	28271
COV	[668-668]	668	27909
COV	[669-669]	669	28041
COV	[670-670]	670	28044
COV	[671-671]	671	27508
COV	[672-672]	672	27577
COV	[673-673]	673	27563
COV	[674-674]	674	27179
COV	[675-675]	675	27177
COV	[676-676]	676	26963
COV	[677-677]	677	26568
COV	[678-678]	678	26362
COV	[679-679]	679	26171
COV	[680-680]	680	25965
COV	[681-681]	681	26343
COV	[682-682]	682	25983
COV	[683-683]	683	26069
COV	[684-684]	684	26002
COV	[685-685]	685	25712
COV	[686-686]	686	25800
COV	[687-687]	687	25502
COV	[688-688]	688	25213
COV	[689-689]	689	25211
COV	[690-690]	690	24587
COV	[691-691]	691	25013
COV	[692-692]	692	24656
COV	[693-693]	693	24798
COV	[694-694]	694	24286
COV	[695-695]	695	24012
COV	[696-696]	696	24271
COV	[697-697]	697	23901
COV	[698-698]	698	23708
COV	[699-699]	699	23858
COV	[700-700]	700	23711
COV	[701-701]	701	23305
COV	[702-702]	702	23297
COV	[703-703]	703	23318
COV	[704-704]	704	23226
COV	[705-705]	705	23041
COV	[706-706]	706	22919
COV	[707-707]	707	22656
COV	[708-708]	708	22389
COV	[709-709]	709	22389
COV	[710-710]	710	22302
COV	[711-711]	711	22171
COV	[712-712]	712	21994
COV	[713-713]	713	21926
COV	[714-714]	714	21725
COV	[715-715]	715	21679
COV	[716-716]	716	21367
COV	[717-717]	717	21435
COV	[718-718]	718	21412
COV	[719-719]	719	21122
COV	[720-720]	720	21033
COV	[721-721]	721	20780
COV	[722-722]	722	20716
COV	[723-723]	723	20520
COV	[724-724]	724	20605
COV	[725-725]	725	20535
COV	[726-726]	726	20378
COV	[727-727]	727	20532
COV	[728-728]	728	20240
COV	[729-729]	729	20286
COV	[730-730]	730	19595
COV	[731-731]	731	19801
COV	[732-732]	732	19493
COV	[733-733]	733	19419
COV	[734-734]	734	19274
COV	[735-735]	735	19242
COV	[736-736]	736	19340
COV	[737-737]	737	19016
COV	[738-738]	738	18924
COV	[739-739]	739	19022
COV	[740-740]	740	18603
COV	[741-741]	741	18724
COV	[742-742]	742	18826
COV	[743-743]	743	18627
COV	[744-744]	744	18237
COV	[745-745]	745	18302
COV	[746-746]	746	18318
COV	[747-747]	747	18371
COV	[748-748]	748	17875
COV	[749-749]	749	17748
COV	[750-750]	750	17784
COV	[751-751]	751	17535
COV	[752-752]	752	17549
COV	[753-753]	753	17224
COV	[754-754]	754	17216
COV	[755-755]	755	17194
COV	[756-756]	756	17218
COV	[757-757]	757	17110
COV	[758-758]	758	16810
COV	[759-759]	759	16821
COV	[760-760]	760	16686
COV	[761-761]	761	16505
COV	[762-762]	762	16572
COV	[763-763]	763	16265
COV	[764-764]	764	16065
COV	[765-765]	765	16217
COV	[766-766]	766	16170
COV	[767-767]	767	16022
COV	[768-768]	768	15674
COV	[769-769]	769	15814
COV	[770-770]	770	15696
COV	[771-771]	771	15495
COV	[772-772]	772	15490
COV	[773-773]	773	15301
COV	[774-774]	774	15347
COV	[775-775]	775	15158
COV	[776-776]	776	15163
COV	[777-777]	777	15148
COV	[778-778]	778	15004
COV	[779-779]	779	14808
COV	[780-780]	780	14670
COV	[781-781]	781	14779
COV	[782-782]	782	14517
COV	[783-783]	783	14386
COV	[784-784]	784	14645
COV	[785-785]	785	14374
COV	[786-786]	786	14245
COV	[787-787]	787	14086
COV	[788-788]	788	14347
COV	[789-789]	789	13839
COV	[790-790]	790	14055
COV	[791-791]	791	14183
COV	[792-792]	792	13972
COV	[793-793]	793	13940
COV	[794-794]	794	14073
COV	[795-795]	795	13874
COV	[796-796]	796	13642
COV	[797-797]	797	13526
COV	[798-798]	798	13396
COV	[799-799]	799	13333
COV	[800-800]	800	13016
COV	[801-801]	801	13072
COV	[802-802]	802	12938
COV	[803-803]	803	12855
COV	[804-804]	804	12830
COV	[805-805]	805	12752
COV	[806-806]	806	12826
COV	[807-807]	807	12468
COV	[808-808]	808	12594
COV	[809-809]	809	12405
COV	[810-810]	810	12649
COV	[811-811]	811	12292
COV	[812-812]	812	12376
COV	[813-813]	813	11997
COV	[814-814]	814	11952
COV	[815-815]	815	11978
COV	[816-816]	816	11887
COV	[817-817]	817	11865
COV	[818-818]	818	12009
COV	[819-819]	819	11826
COV	[820-820]	820	11580
COV	[821-821]	821	11586
COV	[822-822]	822	11655
COV	[823-823]	823	11674
COV	[824-824]	824	11319
COV	[825-825]	825	11575
COV	[826-826]	826	11362
COV	[827-827]	827	11164
COV	[828-828]	828	11020
COV	[829-829]	829	11143
COV	[830-830]	830	11068
COV	[831-831]	831	11132
COV	[832-832]	832	10772
COV	[833-833]	833	10842
COV	[834-834]	834	10865
COV	[835-835]	835	10828
COV	[836-836]	836	10515
COV	[837-837]	837	10731
COV	[838-838]	838	10480
COV	[839-839]	839	10406
COV	[840-840]	840	10502
COV	[841-841]	841	10323
COV	[842-842]	842	10453
COV	[843-843]	843	10334
COV	[844-844]	844	10285
COV	[845-845]	845	10269
COV	[846-846]	846	10113
COV	[847-847]	847	10002
COV	[848-848]	848	9969
COV	[849-849]	849	10126
COV	[850-850]	850	9950
COV	[851-851]	851	9828
COV	[852-852]	852	9682
COV	[853-853]	853	9924
COV	[854-854]	854	9824
COV	[855-855]	855	9670
COV	[856-856]	856	9709
COV	[857-857]	857	9548
COV	[858-858]	858	9436
COV	[859-859]	859	9303
COV	[860-860]	860	9484
COV	[861-861]	861	9375
COV	[862-862]	862	9251
COV	[863-863]	863	9204
COV	[864-864]	864	9057
COV	[865-865]	865	9010
COV	[866-866]	866	9210
COV	[867-867]	867	9112
COV	[868-868]	868	8951
COV	[869-869]	869	8981
COV	[870-870]	870	8986
COV	[871-871]	871	8734
COV	[872-872]	872	8807
COV	[873-873]	873	8709
COV	[874-874]	874	8719
COV	[875-875]	875	8721
COV	[876-876]	876	8666
COV	[877-877]	877	8627
COV	[878-878]	878	8377
COV	[879-879]	879	8468
COV	[880-880]	880	8269
COV	[881-881]	881	8502
COV	[882-882]	882	8294
COV	[883-883]	883	8082
COV	[884-884]	884	8131
COV	[885-885]	885	7994
COV	[886-886]	886	8060
COV	[887-887]	887	8086
COV	[888-888]	888	8044
COV	[889-889]	889	7860
COV	[890-890]	890	7845
COV	[891-891]	891	7917
COV	[892-892]	892	7809
COV	[893-893]	893	7745
COV	[894-894]	894	7754
COV	[895-895]	895	7778
COV	[896-896]	896	7486
COV	[897-897]	897	7531
COV	[898-898]	898	7498
COV	[899-899]	899	7507
COV	[900-900]	900	7444
COV	[901-901]	901	7550
COV	[902-902]	902	7401
COV	[903-903]	903	7409
COV	[904-904]	904	7253
COV	[905-905]	905	7218
COV	[906-906]	906	7084
COV	[907-907]	907	7151
COV	[908-908]	908	7004
COV	[909-909]	909	7144
COV	[910-910]	910	6853
COV	[911-911]	911	6936
COV	[912-912]	912	6891
COV	[913-913]	913	6790
COV	[914-914]	914	6816
COV	[915-915]	915	6888
COV	[916-916]	916	6842
COV	[917-917]	917	6690
COV	[918-918]	918	6729
COV	[919-919]	919	6494
COV	[920-920]	920	6652
COV	[921-921]	921	6598
COV	[922-922]	922	6650
COV	[923-923]	923	6431
COV	[924-924]	924	6485
COV	[925-925]	925	6304
COV	[926-926]	926	6395
COV	[927-927]	927	6428
COV	[928-928]	928	6209
COV	[929-929]	929	6094
COV	[930-930]	930	6099
COV	[931-931]	931	6264
COV	[932-932]	932	6145
COV	[933-933]	933	6237
COV	[934-934]	934	6059
COV	[935-935]	935	6104
COV	[936-936]	936	5910
COV	[937-937]	937	5987
COV	[938-938]	938	5856
COV	[939-939]	939	5926
COV	[940-940]	940	5750
COV	[941-941]	941	5822
COV	[942-942]	942	5791
COV	[943-943]	943	5748
COV	[944-944]	944	5659
COV	[945-945]	945	5584
COV	[946-946]	946	5544
COV	[947-947]	947	5746
COV	[948-948]	948	5504
COV	[949-949]	949	5663
COV	[950-950]	950	5623
COV	[951-951]	951	5519
COV	[952-952]	952	5456
COV	[953-953]	953	5392
COV	[954-954]	954	5253
COV	[955-955]	955	5331
COV	[956-956]	956	5365
COV	[957-957]	957	5415
COV	[958-958]	958	5361
COV	[959-959]	959	5161
COV	[960-960]	960	5247
COV	[961-961]	961	5203
COV	[962-962]	962	5233
COV	[963-963]	963	5066
COV	[964-964]	964	5095
COV	[965-965]	965	5068
COV	[966-966]	966	4973
COV	[967-967]	967	5041
COV	[968-968]	968	5046
COV	[969-969]	969	4974
COV	[970-970]	970	5012
COV	[971-971]	971	4823
COV	[972-972]	972	4812
COV	[973-973]	973	4801
COV	[974-974]	974	4682
COV	[975-975]	975	4783
COV	[976-976]	976	4781
COV	[977-977]	977	4656
COV	[978-978]	978	4740
COV	[979-979]	979	4605
COV	[980-980]	980	4604
COV	[981-981]	981	4631
COV	[982-982]	982	4604
COV	[983-983]	983	4542
COV	[984-984]	984	4610
COV	[985-985]	985	4449
COV	[986-986]	986	4487
COV	[987-987]	987	4365
COV	[988-988]	988	4311
COV	[989-989]	989	4354
COV	[990-990]	990	4410
COV	[991-991]	991	4226
COV	[992-992]	992	4266
COV	[993-993]	993	4223
COV	[994-994]	994	4250
COV	[995-995]	995	4238
COV	[996-996]	996	3974
COV	[997-997]	997	4171
COV	[998-998]	998	4084
COV	[999-999]	999	4092
COV	[1000-1000]	1000	3988
COV	[1000<]	1000	716297
# GC-depth. Use `grep ^GCD | cut -f 2-` to extract this part. The columns are: GC%, unique sequence percentiles, 10th, 25th, 50th, 75th and 90th depth percentile
GCD	0.0	0.002	0.000	0.000	0.005	0.010	0.010
GCD	9.0	0.003	0.015	0.015	0.015	0.015	0.015
GCD	11.0	0.003	0.167	0.167	0.167	0.167	0.167
GCD	11.4	0.004	0.131	0.131	0.131	0.131	0.131
GCD	15.0	0.004	1.818	1.818	1.818	1.818	1.818
GCD	16.0	0.005	6.383	6.383	6.383	6.383	6.383
GCD	17.0	0.006	0.672	0.672	0.672	0.672	0.672
GCD	18.0	0.006	0.010	0.010	0.010	0.010	0.010
GCD	19.0	0.008	0.020	0.020	1.934	2.131	2.131
GCD	20.0	0.009	0.005	0.005	0.005	0.005	0.005
GCD	21.0	0.010	1.914	1.914	2.376	2.838	2.838
GCD	23.0	0.015	0.919	1.187	5.883	17.958	86.335
GCD	24.0	0.017	0.096	0.096	4.505	14.882	14.882
GCD	25.0	0.020	0.454	0.717	1.495	4.906	6.802
GCD	26.0	0.022	0.035	0.035	1.257	2.060	2.060
GCD	27.0	0.025	0.005	0.015	1.439	2.472	2.767
GCD	28.0	0.030	0.056	1.405	1.916	2.848	6.949
GCD	29.0	0.045	0.111	1.035	3.010	4.247	10.380
GCD	30.0	0.080	0.149	1.809	4.065	6.439	20.006
GCD	31.0	0.180	1.231	3.341	5.893	10.113	17.170
GCD	32.0	0.411	0.859	3.793	7.595	15.801	23.674
GCD	33.0	0.881	0.727	2.487	7.843	15.981	26.765
GCD	34.0	1.846	0.737	0.939	6.222	17.102	29.083
GCD	35.0	3.642	0.712	0.899	3.257	14.534	28.760
GCD	36.0	6.604	0.646	0.884	1.116	10.635	25.601
GCD	37.0	11.068	0.621	0.894	1.091	6.560	22.361
GCD	38.0	17.047	0.626	0.914	1.121	3.862	19.361
GCD	39.0	24.284	0.591	0.914	1.146	1.631	16.276
GCD	40.0	31.916	0.641	0.995	1.227	1.682	15.458
GCD	41.0	39.408	0.722	1.091	1.323	1.904	16.443
GCD	42.0	46.412	0.853	1.182	1.439	2.121	16.078
GCD	43.0	52.836	0.934	1.273	1.566	2.528	18.105
GCD	44.0	58.817	0.985	1.384	1.707	3.156	18.504
GCD	45.0	63.942	1.081	1.500	1.853	3.555	19.811
GCD	46.0	68.516	1.207	1.664	2.025	5.146	22.887
GCD	47.0	72.404	1.237	1.757	2.192	5.676	23.940
GCD	48.0	75.749	1.336	1.919	2.384	8.177	28.242
GCD	49.0	78.667	1.424	2.081	2.631	11.072	31.834
GCD	50.0	81.208	1.444	2.217	2.863	12.277	32.557
GCD	51.0	83.457	1.672	2.444	3.305	15.081	38.760
GCD	52.0	85.488	1.540	2.615	3.873	17.285	40.257
GCD	53.0	87.348	1.571	2.764	4.184	17.994	42.578
GCD	54.0	89.029	1.617	2.974	5.393	21.677	45.508
GCD	55.0	90.564	2.027	3.338	8.186	26.679	54.079
GCD	56.0	91.919	2.331	3.631	9.532	28.868	55.247
GCD	57.0	93.200	2.677	4.141	11.878	32.348	59.780
GCD	58.0	94.445	2.785	4.555	13.473	36.178	64.947
GCD	59.0	95.486	3.300	5.046	13.978	37.293	69.202
GCD	60.0	96.418	3.648	5.941	17.670	43.417	77.705
GCD	61.0	97.202	3.933	6.292	19.266	44.036	77.343
GCD	62.0	97.886	4.156	7.083	19.786	49.280	85.723
GCD	63.0	98.458	4.178	6.946	17.882	42.511	75.316
GCD	64.0	98.932	4.954	8.434	19.018	39.991	77.108
GCD	65.0	99.320	4.994	7.400	17.927	40.062	71.912
GCD	66.0	99.595	5.624	8.870	15.688	40.563	82.982
GCD	67.0	99.765	6.223	9.449	18.266	30.984	57.380
GCD	68.0	99.875	6.744	8.904	13.625	22.316	43.880
GCD	69.0	99.935	6.598	8.473	11.595	18.253	30.886
GCD	70.0	99.970	6.633	9.292	12.635	19.533	34.034
GCD	71.0	99.990	9.274	11.874	16.233	27.530	46.707
GCD	72.0	99.993	10.560	10.726	14.428	26.659	31.946
GCD	73.0	99.997	2.803	6.166	10.772	17.654	21.422
GCD	74.0	99.997	12.292	12.292	12.292	12.292	12.292
GCD	75.0	99.998	262.009	262.009	262.009	262.009	262.009
GCD	76.0	99.999	0.126	0.126	0.126	0.126	0.126
GCD	77.0	100.000	173.887	173.887	185.529	197.172	197.172
