# This file was produced by samtools stats (1.21+htslib-1.21) and can be plotted using plot-bamstats
# This file contains statistics for all reads.
# The command line was:  stats tumor.bwa.sorted.bam
# CHK, Checksum	[2]Read Names	[3]Sequences	[4]Qualities
# CHK, CRC32 of reads which passed filtering followed by addition (32bit overflow)
CHK	e981a279	0a08c1aa	7f551b21
# Summary Numbers. Use `grep ^SN | cut -f 2-` to extract this part.
SN	raw total sequences:	185368488	# excluding supplementary and secondary reads
SN	filtered sequences:	0
SN	sequences:	185368488
SN	is sorted:	1
SN	1st fragments:	92684244
SN	last fragments:	92684244
SN	reads mapped:	184997092
SN	reads mapped and paired:	184871454	# paired-end technology bit set + both mates mapped
SN	reads unmapped:	371396
SN	reads properly paired:	183457554	# proper-pair bit set
SN	reads paired:	185368488	# paired-end technology bit set
SN	reads duplicated:	0	# PCR or optical duplicate bit set
SN	reads MQ0:	13769146	# mapped and MQ=0
SN	reads QC failed:	0
SN	non-primary alignments:	0
SN	supplementary alignments:	148978
SN	total length:	18722217288	# ignores clipping
SN	total first fragment length:	9361108644	# ignores clipping
SN	total last fragment length:	9361108644	# ignores clipping
SN	bases mapped:	18684706292	# ignores clipping
SN	bases mapped (cigar):	18628986375	# more accurate
SN	bases trimmed:	0
SN	bases duplicated:	0
SN	mismatches:	39128204	# from NM fields
SN	error rate:	2.100394e-03	# mismatches / bases mapped (cigar)
SN	average length:	101
SN	average first fragment length:	101
SN	average last fragment length:	101
SN	maximum length:	101
SN	maximum first fragment length:	101
SN	maximum last fragment length:	101
SN	average quality:	36.6
SN	insert size average:	195.5
SN	insert size standard deviation:	62.4
SN	inward oriented pairs:	91572048
SN	outward oriented pairs:	463471
SN	pairs with other orientation:	16296
SN	pairs on different chromosomes:	383912
SN	percentage of properly paired reads (%):	99.0
# First Fragment Qualities. Use `grep ^FFQ | cut -f 2-` to extract this part.
# Columns correspond to qualities and rows to cycles. First column is the cycle number.
FFQ	1	0	0	52991	0	0	0	0	0	0	0	66101	0	0	0	0	0	153455	0	0	1698	0	0	22503	178015	0	230905	480322	659781	549429	0	3262713	21199120	0	9520398	56306813	0	0	0	0	0	0	0	0
FFQ	2	0	0	2154	0	0	0	0	0	0	0	45293	0	0	0	0	0	177344	0	0	7825	0	0	37543	148867	0	191876	440119	726892	457284	0	2745861	18347364	0	4944829	64410993	0	0	0	0	0	0	0	0
FFQ	3	0	0	7726	0	0	0	0	0	0	0	43873	0	0	0	0	0	129905	0	0	1014	0	0	43581	145427	0	217608	446550	760337	540616	0	2805801	17828414	0	4803821	64909571	0	0	0	0	0	0	0	0
FFQ	4	0	0	1574	0	0	0	0	0	0	0	43543	0	0	0	0	0	56030	0	0	69361	0	0	38588	0	0	139461	206913	10472	323110	6870	574285	11502	893321	1595737	0	14566832	0	74146645	0	0	0	0	0
FFQ	5	0	0	114	0	0	0	0	0	0	0	66574	0	0	0	0	0	82718	0	0	80818	0	0	56709	0	0	186468	273040	15692	365544	8246	713748	16281	953540	1673124	0	14296471	0	73895157	0	0	0	0	0
FFQ	6	0	0	0	0	0	0	21	0	10169	0	56121	15381	0	0	20	11013	19781	88949	39836	33853	0	8442	5374	70459	30	224563	253413	38729	265012	143875	721176	139710	1138220	1600364	301	13207438	1439205	73152789	0	0	0	0	0
FFQ	7	0	0	0	0	0	12	115	0	13397	0	65552	17346	20	0	58	13811	21117	101342	40938	32630	39	9558	5688	73560	135	230518	252947	50581	265314	143024	726518	145437	1150297	1595125	397	13109033	1459268	73160467	0	0	0	0	0
FFQ	8	0	0	0	0	0	71	119	7	12608	2	58691	15274	56	3	59	16165	22347	107870	42024	33487	181	10647	6217	74763	181	245054	262532	75103	270262	140587	754486	162638	1197760	1679723	493	13360847	1480308	72653679	0	0	0	0	0
FFQ	9	0	0	0	0	0	112	175	41	14348	0	63273	16424	107	29	100	18289	23313	110483	43204	33331	472	11753	7061	76841	379	254067	105201	277442	235247	141931	765369	124692	1074271	1045899	846900	3954096	2521	7855714	4787954	70793205	0	0	0
FFQ	10	0	0	0	0	0	163	220	84	13817	5	60406	15142	254	48	123	18540	23869	108062	43594	32719	810	12561	7947	76632	795	252272	105224	335988	167907	142316	761347	121754	1067065	1043217	823528	3940238	2366	7786846	4903456	70814929	0	0	0
FFQ	11	0	0	0	0	0	254	258	128	13794	47	60459	15036	380	43	194	18005	23811	103255	43480	32616	1071	13415	8570	79146	1447	251065	104330	403736	91974	145173	768394	117215	1062607	1053658	799997	3945561	2785	7715043	5074826	70732471	0	0	0
FFQ	12	0	0	0	0	0	293	296	194	14538	185	61400	15157	469	74	236	18477	24212	103885	43981	33599	1368	14308	8734	80664	2181	255754	106677	462273	40258	147592	783042	115172	1071911	1069119	800891	3989609	3792	7726962	5155042	70531899	0	0	0
FFQ	13	0	0	14220	0	0	336	329	305	16165	300	67833	16919	671	114	292	21548	25743	115410	46702	35496	1615	15306	9240	82787	3508	272149	111915	510395	31569	148067	819242	123526	1138867	1099119	892739	4148712	4587	8085225	5062988	69760305	0	0	0
FFQ	14	0	0	0	0	0	381	479	431	16076	531	65793	16689	700	169	375	5019	37017	123470	50709	36899	1633	16739	9884	40041	52695	267729	110963	489736	30696	152261	395703	520000	826660	1113636	909280	821569	2545312	2260649	6517525	5579270	15935896	53731629	0
FFQ	15	0	0	0	0	0	405	755	587	17012	901	68394	17069	919	216	615	6019	38517	115950	49830	37525	1994	18287	10276	42825	56859	274816	116071	501927	31959	156548	411728	530200	845889	1136919	919516	859826	2560766	2264200	6545367	5494638	15962750	53586169	0
FFQ	16	0	0	0	0	0	449	993	789	18013	1186	69183	17342	1060	369	979	6957	39262	118844	50205	37967	2592	19460	10593	45959	58742	278420	118273	505759	32734	156311	426237	534936	850285	1149106	940762	896815	2583776	2305296	6603629	5510791	15997433	53292737	0
FFQ	17	0	0	0	0	0	537	1237	1012	19492	1742	71325	17556	1327	634	1314	8475	41113	121594	51596	39048	3095	21665	11697	49483	63070	282707	120835	514752	34517	157756	442200	541682	867826	1163748	966948	941885	2611295	2358272	6697765	5601037	16086904	52767103	0
FFQ	18	0	0	0	0	0	593	1497	1337	21372	2482	73204	18113	1534	904	1612	10039	42706	122047	52805	40074	3617	23539	12829	52794	69583	282455	124434	511446	36469	161709	457479	545990	861766	1180208	964947	986299	2613762	2376209	6751185	5637879	16221426	52417900	0
FFQ	19	0	0	0	0	0	649	1845	1643	22094	3269	71441	17741	1817	1103	1842	11605	38307	13685	163643	40178	3888	26026	13840	56706	77166	277559	125490	497724	39328	166340	465389	547809	835006	780812	1364147	1035808	2142991	2415390	5504202	6268558	16786534	52862669	0
FFQ	20	0	0	0	0	0	730	2417	2334	26002	4647	77066	19148	2143	1518	2274	14237	42257	18293	164638	42112	4873	28604	14996	62645	86715	280655	130120	503073	41575	168299	493232	557799	845064	802876	1387785	1097446	2173448	2465414	5574219	6406923	16752900	52385767	0
FFQ	21	0	0	0	0	0	776	2904	2731	24973	5347	67857	16885	2444	1788	2666	15290	41883	20533	143112	41486	5168	31320	16589	63932	95563	257607	128826	472592	44326	173202	488709	549192	808978	800186	1369527	1144078	2146291	2492372	5628064	6780077	17225692	51571278	0
FFQ	22	0	0	11217	0	0	954	3772	3548	27493	6868	66891	16501	2814	2186	3236	17639	44808	25814	137377	41637	6097	34493	17474	69214	105655	252961	131573	461365	46433	170919	511851	550690	795351	814729	1364045	1214223	2151364	2510303	5659858	6873019	17137173	51392699	0
FFQ	23	0	0	0	0	0	1630	4509	4720	30786	9337	67076	16086	4005	2837	3772	22657	52053	35014	139156	45629	8043	38797	20348	78522	124750	260283	142013	475440	50525	179276	563357	575570	812322	859435	1404355	1309579	2210177	2559625	5842400	6975716	17078886	50675558	0
FFQ	24	0	0	0	0	0	2322	5800	6233	35493	12635	69776	16388	4752	3565	4530	26301	55401	39622	127595	46295	9562	42952	22512	87399	145602	257647	148956	474385	54839	184853	604927	588947	812804	887065	1431365	1399527	2236518	2627921	6039485	6849535	16253294	51067441	0
FFQ	25	0	0	0	0	0	3154	7311	8060	40280	15824	68795	15465	5518	4379	5268	30563	61402	47332	120723	48357	11116	47542	24768	94795	166744	252200	153355	464116	58477	188605	640983	596014	793497	911779	1438036	1493276	2248070	2672252	6155493	6937723	16585612	50267360	0
FFQ	26	0	0	0	0	0	5260	10658	15000	62109	28807	94656	19029	6407	5345	6352	35291	68784	55461	112596	50028	11596	51468	26073	97852	186996	232495	153391	432685	62030	193451	651593	596508	739703	930606	1402130	1586671	2236408	2628837	6211336	6786915	17044371	49845346	0
FFQ	27	0	0	0	0	0	6243	12010	18953	71170	37666	94437	17471	7730	7116	7104	42853	80829	67292	105351	50209	13869	56603	29445	103259	208247	233914	159075	426031	66753	195149	695697	604762	720903	956767	1396498	1694127	2245045	2620777	6279353	6608655	17322355	49420526	0
FFQ	28	0	0	0	0	0	7597	13483	23397	80495	47864	92365	15206	9330	9004	8276	51343	94174	75582	97989	51850	16474	62358	32748	110927	231846	245305	167590	421091	72593	198569	770415	621697	714296	1002796	1439799	1829129	2278011	2704499	6459088	6638463	17623765	48364830	0
FFQ	29	0	0	0	0	0	8488	14816	27767	87911	57957	85065	12515	10807	10484	8915	58021	102872	75488	88571	51992	18967	66984	35955	113989	248451	248420	172068	399731	78194	201317	815908	630057	675956	1034301	1442103	1964604	2273126	2760658	6602526	6679132	18040962	47479166	0
FFQ	30	0	0	0	0	0	9687	16225	32299	94034	68384	74316	9978	11840	11676	10429	63537	110590	69490	82966	53579	21162	67304	39244	121918	263759	249994	178633	377475	84375	211119	846164	642924	641534	1075256	1424356	2107732	2268532	2747225	6740262	6500440	18391896	46963910	0
FFQ	31	0	0	8	0	0	10548	17766	36782	98580	79555	63080	8620	13073	13096	11660	70575	116905	61306	80388	54115	24202	72029	43373	125063	271002	264465	184245	355364	91243	212040	901949	651850	605892	1117402	1426746	2268267	2255083	2807957	6869292	6447088	18562903	46390732	0
FFQ	32	0	0	0	0	0	12314	19615	41886	105467	93071	52405	8180	14539	14711	13087	78214	123684	51424	81835	56469	26478	79381	46615	128451	282208	275003	192792	340335	99898	222852	935149	673283	577050	1173119	1422961	2437728	2258503	2830067	7052683	6283542	18752560	45826685	0
FFQ	33	0	0	0	0	0	13499	21483	47361	110561	105378	41414	8566	16433	16407	14756	86255	128408	42167	84208	57716	29294	85459	50783	132983	288748	283500	201861	326671	108800	231459	970017	690679	552079	1230621	1424639	2617189	2241415	2872708	7195396	6181607	18937960	45235764	0
FFQ	34	0	0	0	0	0	15095	23295	53404	114024	117279	31466	9545	18177	18547	16597	94892	131404	33889	87675	59494	33159	93226	55627	138105	297099	294485	212429	316025	118328	240387	1007146	713533	538032	1297197	1429932	2816342	2235531	2930598	7376335	6105807	19090650	44519488	0
FFQ	35	0	0	0	0	0	17030	25783	59984	118014	127496	23876	10623	20901	21839	19059	107944	136469	28071	91656	61695	38849	96649	62880	148695	314276	319798	232288	311738	135729	244751	1097024	749300	536765	1394475	1470902	3051830	2222113	3096738	7647378	6185696	19118107	43337823	0
FFQ	36	0	0	0	0	0	18485	27979	66652	120866	136198	18567	11806	23047	24187	21296	116166	132057	23789	94710	63406	42458	103408	68437	153944	321246	314700	243186	307309	148856	255341	1107768	768436	538075	1469193	1475034	3259498	2202632	3174475	7804394	6219765	19274812	42532066	0
FFQ	37	0	0	0	0	0	19816	29119	71216	116865	135309	14788	12209	24207	25659	22765	119741	120455	21125	93422	61894	44895	106090	70619	154478	312759	294236	244135	294649	156390	257338	1062078	764121	527562	1504583	1430921	3447158	2123063	3195275	7677325	6337866	19304978	42485135	0
FFQ	38	0	0	10849	0	0	21052	31083	77749	118791	142201	14097	12902	25990	27553	25085	125409	110725	21207	96856	63774	48093	111231	74995	160062	317536	280544	252932	298069	169837	266657	1051152	781184	537174	1573798	1434196	3652824	2080230	3262222	7697736	6712064	19585826	41410559	0
FFQ	39	0	0	28467	0	0	22658	30572	79967	106341	123630	14148	13970	27779	30225	26449	130611	97457	21934	95246	60329	52729	98398	77977	184536	314307	273932	260295	288119	183409	261667	1054926	779292	537863	1617667	1396340	3877714	2009972	3275599	7205775	6911456	18962366	42150122	0
FFQ	40	0	0	1896	0	0	23804	31514	82379	101515	116661	15477	15438	31670	32778	28062	147469	90008	23422	93342	57377	55498	98395	80852	187743	306323	250894	261756	274913	193588	252900	1023091	771301	534944	1641148	1349135	4110171	1923125	3298620	6838281	6924708	17991195	43422851	0
FFQ	41	0	0	0	0	0	25741	33876	90962	105248	119667	17073	16403	32729	36863	31536	148961	77009	25002	97278	59313	64243	103521	92682	207181	319901	251050	281727	279884	219039	258533	1062765	797349	557428	1730767	1367365	4376308	1929633	3421505	6799038	6868170	17461494	43317000	0
FFQ	42	0	0	0	0	0	27101	35230	96835	104114	115777	18131	17047	33649	40077	33475	146745	65453	26488	98700	59377	65818	105445	93875	211395	315001	224353	286914	279555	231705	266501	1007250	805327	571330	1770120	1373379	4578281	1959663	3476351	6698408	6866399	17397995	43180980	0
FFQ	43	0	0	0	0	0	29129	37814	105444	105501	116106	19927	18500	35910	44600	37332	152935	57153	28660	103241	60772	72255	111150	102696	227481	323958	212505	303999	283332	258716	276513	1013267	832225	597268	1848371	1406207	4830825	2012745	3588924	6683906	6843299	17153146	42748432	0
FFQ	44	0	0	0	0	0	30783	38775	112080	104878	112086	21052	19388	37819	47980	39666	151741	48632	30471	105647	60969	75387	112626	106543	234506	318903	190965	310609	282413	273313	286189	961967	843195	614510	1881443	1436831	5037728	2080303	3657235	6597150	6893008	17158384	42369069	0
FFQ	45	0	0	0	0	0	32465	41691	120467	108024	111022	22845	21289	39184	54345	42652	149615	35691	32807	93139	62657	131555	77378	111201	285229	331007	188764	334573	288382	307031	300398	978219	883596	646826	1974704	1498868	5312439	2168243	3796133	6608265	6798699	17080341	41614500	0
FFQ	46	0	0	0	0	0	34314	42761	126395	107426	106177	24247	22112	40519	57204	44403	142647	28835	34440	94627	62469	137538	76074	115132	295886	323199	169988	339278	290235	323181	310760	934250	897896	668788	2005239	1560780	5557256	2253926	3904094	6538207	6944225	17075005	40994731	0
FFQ	47	0	0	88	0	0	36978	46333	137072	113541	110065	26090	22895	43081	61747	46962	140754	25091	37643	100908	66228	147291	78498	122867	316583	326909	156752	358577	299647	350834	332333	916200	937482	702726	2068706	1652728	5827796	2372118	4020014	6547141	7130669	17134776	39868121	0
FFQ	48	0	0	1	0	0	37996	44970	138668	110029	95844	28096	25046	44572	67514	50239	137349	21051	38657	101290	63683	156794	77890	132343	334554	324969	146547	372015	295510	381701	335744	910178	953808	723842	2099063	1713333	6178427	2452992	4160360	6387261	7313149	16662096	39566663	0
FFQ	49	0	0	371	0	0	40562	47301	146933	114485	91968	30690	27356	46940	74582	52358	134908	18369	41392	106030	64315	173422	80112	144873	298794	366708	121631	398274	339397	429717	349105	933184	999874	761554	2187390	1812992	6487513	2605256	4405393	5802464	8105992	16265137	38576902	0
FFQ	50	0	0	770	0	0	39987	44374	145057	109100	81419	31256	27190	45323	75276	51330	118562	16167	40227	102478	58644	167466	76202	142353	288316	338456	105780	383274	326897	425052	343886	853332	978577	759283	2119562	1854009	6916505	2678066	4519045	5496424	8383069	15928366	38613164	0
FFQ	51	0	0	4048	0	0	39371	42066	142834	106242	72335	32574	27518	44003	77822	50770	106480	14665	39928	98686	54204	163557	72977	141598	281341	318333	92550	373692	311926	429852	336271	792689	949301	745401	2037833	1860656	7473587	2749733	4616026	5093410	8448267	15176643	39265055	0
FFQ	52	0	0	9143	0	0	40932	42776	149262	107791	66578	33435	27919	45260	80635	50847	97324	14454	40987	101716	54534	166228	72279	144576	287774	307015	82818	379541	309384	440541	347717	757582	956994	760686	2013428	1935052	8013421	2877915	4757776	4931579	8452719	14758564	38967062	0
FFQ	53	0	0	0	0	0	42989	44144	157256	114201	63363	35517	30268	49406	87220	52777	94555	15067	43406	107076	55223	177022	74465	154695	302462	304364	78868	401008	316218	474362	366452	751696	993054	793545	2038023	2046353	8542563	3039080	4940009	4846217	8499176	14279108	38273036	0
FFQ	54	0	0	2152	0	0	44927	44223	164474	120223	57901	37680	31699	48102	94985	54590	88667	14859	44946	113014	55420	190176	77276	167867	318162	304091	77257	425744	319683	516120	380420	757473	1036108	829399	2079177	2168123	9086908	3190998	5181795	4744868	8663913	13728339	37422485	0
FFQ	55	0	0	13353	0	0	46596	43947	168776	122300	50808	39758	32776	43677	99156	58638	81763	13572	47106	116742	53592	185847	89288	174155	323129	212747	156302	435099	314242	542373	394847	747439	1062964	860991	2105506	2303862	9659347	3366870	5289854	4757747	8888754	13399551	36380770	0
FFQ	56	0	0	19268	0	0	49119	44612	174812	126962	45479	41669	34501	44386	103006	57708	76571	13537	48651	121108	53974	194689	91032	182853	329837	202445	160891	449504	318185	566190	412847	735838	1095632	894649	2131515	2434987	10277492	3550066	5500583	4668063	9070855	13072523	35288205	0
FFQ	57	0	0	2351	0	0	50748	44372	180906	132494	39180	44197	38128	51783	106516	56807	73557	13591	50615	125691	52856	198880	91987	187799	330953	187316	164977	456401	321120	571099	432063	716239	1121130	925403	2157865	2572864	10935249	3754250	5701308	4574318	9293467	12849619	34076145	0
FFQ	58	0	0	0	0	0	53586	44600	187202	137377	33858	46299	38921	48300	111378	56398	69793	13773	53076	131230	52536	215321	95597	202878	341365	181021	172094	481108	327479	599276	453489	722852	1164772	966466	2196248	2711861	11635192	3958590	5919587	4479548	9466343	12387943	32926887	0
FFQ	59	0	0	0	0	0	56640	44800	195274	143507	29221	48823	40899	46912	116999	49356	68630	13794	54074	144563	52010	197206	84539	258782	290917	152300	158573	606919	332151	631176	475216	735919	1211273	1011937	2247213	2871580	12361799	4179877	6178985	4376165	9576473	11876439	31763303	0
FFQ	60	0	0	4	0	0	59399	44880	202882	149577	24221	50976	42312	46478	120574	47288	67181	13691	55691	150440	50481	204076	86208	271246	287325	144416	165350	624555	335538	644013	498129	742787	1248590	1047457	2288584	3026928	13134065	4413623	6433320	4270931	9823439	11455287	30412302	0
FFQ	61	0	0	4	0	0	62411	44608	210307	152898	19784	54320	44847	46468	125201	45060	68117	13950	58104	157511	49322	214226	88537	286631	288687	140220	172560	651526	342149	663610	524004	759508	1294190	1094501	2347396	3192907	13942655	4657561	6693421	4168634	10042302	10992201	28973906	0
FFQ	62	0	0	14240	0	0	65321	44008	215517	156118	15150	57382	46497	45876	125778	41858	67832	13519	60222	163445	47439	223400	90161	298442	283425	136016	180425	674755	346055	675909	547751	775929	1334071	1140171	2405978	3365285	14787747	4914424	6966991	4041734	10307145	10536937	27471291	0
FFQ	63	0	0	23961	0	0	67408	42981	221086	156827	11416	59636	48060	45568	126813	38712	69243	13376	62451	169710	45320	230611	91234	309092	276348	132676	186232	692777	350439	674046	569155	795267	1368647	1182234	2466556	3534488	15698174	5179975	7234927	3913000	10544600	10070743	25980455	0
FFQ	64	0	0	21454	0	0	70054	42300	229480	158483	8190	63055	50465	47097	126830	35863	70172	13568	64190	176406	43498	236381	92417	319062	268292	130725	194184	707237	356963	665979	593386	811074	1394009	1218839	2523965	3692386	16679965	5454969	7507861	3770704	10727648	9573096	24543997	0
FFQ	65	0	0	14860	0	0	73465	42079	239553	161634	5803	67200	54675	49508	129285	33607	67230	19202	67358	132848	94828	248397	94029	274332	322733	131379	204955	722037	258973	663465	756261	844474	1436942	1271926	2599217	3876675	17655114	5746437	7785789	3633812	10901784	9034139	22968239	0
FFQ	66	0	0	22320	0	0	75426	41012	246314	160864	3873	69410	54174	46302	127495	30781	69179	18873	69219	136224	95664	257437	95621	280627	317737	131600	214333	736711	259723	650305	788415	875400	1468692	1312435	2680949	4068015	18693403	6044279	8068681	3477084	11102552	8520435	21372680	0
FFQ	67	0	0	13228	0	0	79375	40893	255917	162248	2639	74244	59715	49844	127200	28897	71821	19623	71986	142311	97124	265831	97275	288860	313593	134344	225914	757643	265049	636844	825745	910256	1498094	1359312	2767167	4256892	19771092	6351813	8343227	3325198	11231619	7984631	19776780	0
FFQ	68	0	0	17249	0	0	82635	40300	267672	163585	1624	77529	60162	48263	128324	27557	75833	20248	76228	147753	99109	279329	99749	299762	315724	137922	237326	788982	272396	631249	869681	954321	1543720	1413497	2858950	4464130	20856930	6658809	8619538	3159189	11329011	7379965	18179993	0
FFQ	69	0	0	5932	0	0	85858	39206	277893	160581	995	82181	66487	51300	124764	25344	77372	20560	77386	152723	99986	284769	99274	300178	308129	139709	247210	795960	277201	602878	899976	984050	1558205	1448252	2952901	4651973	22050295	6971257	8900534	2980321	11420648	6852015	16609941	0
FFQ	70	0	0	9923	0	0	88721	39041	286438	158729	700	86384	65522	48672	124412	23703	81140	20794	81158	158721	102191	299506	101313	232380	237745	293692	261344	821758	285034	590831	940094	1028291	1586282	1495038	3041362	4846095	23250953	7289024	9159773	2791203	11426853	6232171	15097253	0
FFQ	71	0	0	8192	0	0	91555	37741	293546	154477	427	90121	66522	48765	120810	21600	84454	20713	83597	161460	103217	306442	101033	228375	233973	301100	270432	831837	292880	563656	974686	1057707	1602962	1531988	3137664	5050790	24515850	7612766	9419226	2596245	11419849	5642111	13605475	0
FFQ	72	0	0	12632	0	0	95111	36577	303835	151644	312	92951	66311	48218	116631	20175	87389	21331	86477	167491	104862	314908	101650	224563	230803	310690	284044	844130	301771	536664	1011478	1090003	1624480	1568950	3247919	5266044	25804350	7921239	9670631	2409809	11326806	5075960	12105405	0
FFQ	73	0	0	7381	0	0	98983	35337	317202	150357	259	98947	71504	49326	113867	18845	91727	21915	90304	172188	107086	326356	102403	220954	230013	322518	300204	860459	312293	512759	1054898	1123782	1647967	1614903	3364852	5503404	27087538	8225977	9887700	2229994	11168484	4516868	10624690	0
FFQ	74	0	0	4875	0	0	103724	34825	331937	149789	235	106305	75425	50894	113733	17943	96708	22325	94385	178150	111402	345614	105172	220057	237568	338209	318314	891934	327534	502065	1111030	1176870	1695699	1679985	3487923	5769974	28318404	8523780	10036933	2051145	10914322	3949604	9189453	0
FFQ	75	0	0	21392	0	0	106375	33137	341267	146138	220	111135	71974	51423	110662	16662	100907	22385	98521	184362	114944	355588	105439	212562	240393	350791	334855	722512	523019	478655	1156762	1214363	1732481	1729919	3620573	6054461	29605034	8811867	10163208	1866406	10615030	3424410	7834412	0
FFQ	76	0	0	5658	0	0	110968	34846	367947	173628	606	185022	134562	66785	188322	16447	150226	19340	145148	210235	178693	632021	179434	350361	430422	679004	588682	1385369	1105925	1068280	2419540	3042087	4327450	4804370	7532358	14404791	17733810	9008165	5480078	2224880	9600048	2477573	1221163	0
FFQ	77	0	0	8817	0	0	117500	33284	381025	156548	311	156179	102173	58682	137809	14100	130074	20734	127103	195294	151898	495803	135472	250705	321257	493040	450701	969632	782961	625088	1693654	1915506	2819769	3054081	6836010	12009150	24031834	9487897	7489122	1731771	10536648	3405849	1356763	0
FFQ	78	0	0	5537	0	0	119287	31043	385752	141546	217	145778	93234	57003	110752	13895	124346	22385	121676	199036	140719	447485	118247	205345	290981	438265	422303	834265	679315	475750	1471731	1533620	2186537	2289258	4981948	8637432	30706518	9583967	9398715	1477439	9232134	2905168	2655615	0
FFQ	79	0	0	1078	0	0	120673	28699	386450	132248	172	144069	88311	56473	96999	12599	122343	22702	119003	196657	136929	429483	109023	178320	276545	417811	414401	765646	643566	397934	1388429	1388289	1960807	2035314	4339932	7553693	34198621	9841435	9964293	1225668	8508651	1850331	3130647	0
FFQ	80	0	0	2007	0	0	122880	27171	394235	124491	182	142228	79108	55795	86950	11861	122187	23375	118630	199238	137370	419848	101273	157620	273954	411374	416565	719530	636528	347881	1358323	1325543	1871299	1934619	4190003	7324706	36468422	10079936	10068349	1015058	7852310	1329163	2734232	0
FFQ	81	0	0	18316	0	0	125754	25341	403233	120032	152	146513	77914	57536	80230	11548	125161	23852	120684	203491	141108	424848	99099	143567	276326	417632	434839	701008	649143	317394	1375728	1311736	1858601	1929776	4192412	7411352	38176551	10266817	9906657	842117	7120879	985939	2160958	0
FFQ	82	0	0	8829	0	0	128922	24657	415602	115877	164	154653	83159	58075	74474	10869	127323	24107	123361	206297	145149	428442	95587	128817	278788	422524	449059	678133	662952	288275	1392039	1300341	1859874	1925765	4235371	7560100	39811463	10422027	9645187	701586	6332407	727871	1636118	0
FFQ	83	0	0	12616	0	0	132508	23297	425145	110878	162	158456	78625	59320	68431	10245	129684	24491	126664	208676	149189	434490	92584	116979	285264	429445	464012	659535	676525	263803	1410326	1293331	1863752	1936389	4292969	7741918	41370895	10538977	9277876	582182	5515794	525919	1192892	0
FFQ	84	0	0	14699	0	0	135814	22058	438480	109184	149	164767	79219	60901	63085	9893	133501	25239	130339	212898	157895	445846	90218	105736	292032	439921	487128	647719	699350	243820	1447155	1297459	1891375	1965752	4357007	7971499	42786535	10595378	8785697	478563	4690186	370359	837388	0
FFQ	85	0	0	8777	0	0	139641	21000	452080	105507	149	173929	81475	62422	57967	9445	137998	25515	134806	217636	164869	455438	86838	95140	300008	452155	510636	631767	721373	225208	1477939	1297200	1918023	1998522	4437377	8220359	44154074	10601390	8201784	386297	3896017	255224	568259	0
FFQ	86	0	0	3031	0	0	144208	19940	461606	101542	166	181223	81070	63266	52020	8982	139915	26299	137681	222118	170353	457667	82681	84625	305875	459527	531000	604293	739274	205708	1495092	1295442	1934849	2018574	4513228	8447257	45549235	10558871	7577303	309769	3154546	170613	375395	0
FFQ	87	0	0	2541	0	0	147815	18553	471271	98955	150	186643	79197	64112	47042	8534	143822	26963	141760	224603	179020	465904	78104	74240	314580	469618	551490	583967	761361	189926	1523691	1293013	1957070	2039268	4562866	8653498	46887098	10466146	6896554	240504	2482823	110641	240901	0
FFQ	88	0	0	14081	0	0	150518	17710	483799	96814	168	190174	76311	65244	42534	8038	148768	27321	145729	228786	187986	475575	74053	65804	321300	482374	575180	561235	783148	175049	1556157	1295298	1979664	2079362	4632969	8882731	48099559	10299489	6160966	182523	1896206	70258	151363	0
FFQ	89	0	0	7258	0	0	155732	16880	496827	94674	183	203474	78535	67106	37801	7559	152421	28215	149777	233736	197393	482559	69629	58622	329300	495128	601931	537472	807675	162289	1585146	1300515	2004654	2109438	4707439	9113729	49216192	10077523	5418150	136154	1404226	44794	94108	0
FFQ	90	0	0	14886	0	0	158455	15717	504207	93854	170	207491	76626	67183	33637	6964	158211	28248	155109	236504	208658	493324	65432	50440	338701	507689	628491	512374	831668	151936	1617252	1306420	2030557	2150797	4760674	9316622	50274819	9806796	4680106	98273	1007919	28841	59193	0
FFQ	91	0	0	13809	0	0	162609	14550	518129	93616	184	218426	77155	68142	29531	6688	162141	29205	159736	241168	218745	502095	59943	45014	348154	522181	656977	489176	858080	141094	1649669	1316680	2060072	2189023	4836188	9549907	51185189	9468192	3965877	69305	698754	19326	39514	0
FFQ	92	0	0	5930	0	0	166563	13714	531097	91721	200	230617	76520	69115	25376	6297	164918	29821	163328	246535	227584	501489	53867	39834	354781	530330	679155	455241	877281	129274	1664266	1318079	2067739	2212109	4904664	9732188	52152450	9091845	3311596	48280	468468	14047	27925	0
FFQ	93	0	0	1734	0	0	170100	12565	540458	90690	207	239595	74348	69346	21476	5782	167974	30741	168373	251073	237427	502788	47663	35179	361931	539450	703157	425105	899962	118856	1681513	1321168	2077689	2224552	4956668	9875040	53049761	8695906	2716476	32577	305491	10671	20752	0
FFQ	94	0	0	103	0	0	175158	11644	555376	90856	189	247576	73370	70022	18393	5443	173329	31611	174039	258041	250837	511436	42584	32393	375987	555242	735786	399187	928204	111364	1710770	1334529	2106926	2261971	5008761	10057811	53696872	8253012	2184412	22249	194483	8431	15847	0
FFQ	95	0	0	10404	0	0	180618	10900	566555	94273	207	256149	73569	22811	63110	5048	182344	32195	182061	262799	268872	526858	37954	28489	390013	576309	780284	381112	964052	104330	1771905	1361266	2162334	2334688	5089399	10317710	53993909	7772390	1723425	14504	122562	6721	12115	0
FFQ	96	0	0	1041	0	0	183603	9926	574750	93532	202	269085	70210	20914	61452	4692	183295	32906	183189	266943	276341	517217	32054	26790	391941	579763	795748	343648	976915	94454	1765809	1359973	2157256	2334833	5147090	10431553	54670584	7355906	1367437	10030	78363	5448	9351	0
FFQ	97	0	0	11894	0	0	187256	9248	579192	94292	237	268698	68349	19303	59196	4429	186154	33192	187373	269932	285713	512453	26570	24766	397756	588304	815159	313779	994367	85163	1777290	1360542	2155910	2340329	5173674	10495626	55255611	6950512	1080690	6858	52910	4246	7271	0
FFQ	98	0	0	277	0	0	190203	8220	589169	94708	248	287065	65715	17349	59021	4005	189609	34546	190277	275245	297388	510651	22048	23819	404947	597261	838199	285382	1013754	77254	1794904	1369195	2174053	2358080	5221353	10614547	55615219	6553783	854960	5154	37958	3232	5446	0
FFQ	99	0	0	2353	0	0	194678	7546	601436	95520	220	286774	63087	15965	58342	3611	194348	35052	199258	282223	309880	508611	17603	23395	415489	609461	868030	260296	1034941	70654	1814512	1379993	2192768	2377880	5265976	10719382	55858577	6190453	686506	4077	28925	2489	3933	0
FFQ	100	0	0	14346	0	0	200901	6767	615423	99194	230	302328	62094	14549	59535	3457	200884	36297	203511	291334	330676	513975	14351	23370	432701	628730	909858	239926	1071869	63157	1860429	1407624	2242483	2432869	5323023	10898793	55760430	5825129	563506	3119	22812	1863	2701	0
FFQ	101	0	0	1783	0	0	327826	13164	1180339	145909	359	484667	103256	22219	119430	7696	357671	84402	364341	645919	644375	953059	24556	49976	831436	1221339	1974170	482001	2111715	128019	3858013	2914255	4808453	5073643	7571377	18731306	34103335	3066742	263804	2353	9803	758	775	0
# Last Fragment Qualities. Use `grep ^LFQ | cut -f 2-` to extract this part.
# Columns correspond to qualities and rows to cycles. First column is the cycle number.
LFQ	1	0	0	0	0	0	0	0	137272	0	0	239050	0	67523	0	0	40324	399531	0	28235	943	37868	0	128545	311438	33406	464951	932113	987690	1213836	94388	3962825	23733922	0	7959161	51911223	0	0	0	0	0	0	0	0
LFQ	2	0	0	0	0	0	0	0	154851	0	0	235818	0	62619	0	0	37847	426882	0	31315	347	38960	0	142071	295466	33068	461508	892888	1127586	1168530	95488	3560954	21195006	0	4853692	57869348	0	0	0	0	0	0	0	0
LFQ	3	0	0	0	0	0	0	0	157520	0	0	228699	0	60688	0	0	37575	416176	0	30091	245	39821	0	158150	277588	32813	428879	862524	1211439	1117990	92518	3404243	20174637	0	4080856	59871792	0	0	0	0	0	0	0	0
LFQ	4	0	0	0	0	0	0	0	160794	0	0	225902	0	60143	0	0	0	141384	141852	30168	165723	39888	0	118887	39837	32608	268590	363420	192863	594911	22289	962154	165244	1569372	2009004	0	15311547	0	70067664	0	0	0	0	0
LFQ	5	0	0	0	0	0	0	0	161945	0	0	220839	0	60154	0	0	0	143969	138857	30383	152208	40289	0	122706	40354	32720	261950	362154	196929	574390	22663	957378	165930	1540923	1967163	0	15238770	0	70251570	0	0	0	0	0
LFQ	6	0	0	12069	0	0	0	789	67653	127734	0	146028	36449	15849	44307	3545	46505	42243	237080	67602	61856	11376	27272	70550	125816	26145	281081	306186	192259	402572	207623	918965	360315	1637021	1700200	333	13740524	1515988	70250309	0	0	0	0	0
LFQ	7	0	0	635	0	0	564	1001	72200	131198	0	148765	36978	16809	44677	3765	47502	42763	255069	69708	62682	11561	27560	72752	125322	25785	286364	312952	205237	406820	201387	927613	366794	1661724	1770406	402	14003137	1532753	69811359	0	0	0	0	0
LFQ	8	0	0	2845	0	0	1072	1090	72718	130316	1	147997	36391	17291	44453	4042	48384	42751	239890	69903	60667	12104	29686	72737	128094	25514	287407	312811	234576	368392	205162	934288	363029	1644480	1731805	481	13879835	1529172	70004860	0	0	0	0	0
LFQ	9	0	0	412	0	0	1529	1451	75777	132419	0	147260	36747	17596	44415	4228	49983	43264	238915	71571	61488	12639	30502	74049	126036	25976	286049	140843	450626	324272	205688	928945	312999	1291048	1145512	998756	4175134	3618	7978165	4815818	68430514	0	0	0
LFQ	10	0	0	2484	0	0	2164	2205	77562	134859	42	150286	36898	18406	45160	4388	51131	44343	236480	72428	63445	12939	31827	74950	129226	26637	292252	141314	518703	256897	209879	945948	303186	1307527	1166567	963354	4210772	3556	7957160	5001537	68187732	0	0	0
LFQ	11	0	0	828	0	0	2863	2709	78450	136268	253	149597	36977	18751	45151	4731	51945	43756	237940	72959	63556	13732	33352	75780	128617	28054	291825	140228	594554	184817	208243	954136	290659	1322077	1160232	989014	4237095	4023	8041797	4962751	68076524	0	0	0
LFQ	12	0	0	27855	0	0	3550	3553	80376	139550	640	154504	37878	18986	45274	5035	52127	46287	233259	75211	65395	13919	35344	76542	133481	28805	298755	143863	645371	130672	216455	970192	265891	1326780	1193415	947451	4279152	4909	8042882	5223500	67717385	0	0	0
LFQ	13	0	0	494	0	0	4202	4244	83599	143410	1251	154825	38513	20660	45775	5072	56025	46422	258869	82445	69257	14118	36204	77839	132675	29884	305087	144976	670900	122743	211808	981465	267033	1353714	1197410	1001992	4352152	5398	8188703	5121708	67453372	0	0	0
LFQ	14	0	0	5073	0	0	4798	6336	82912	142664	1974	153393	38367	21000	46414	5377	17734	71419	253984	75782	67344	14778	38048	76791	83419	85432	304541	144706	662017	126313	211733	550445	672602	1050348	1199124	1051521	829389	2710467	2332615	6630107	5661886	15919916	51333475	0
LFQ	15	0	0	601	0	0	5426	9767	85541	149044	3189	156588	39495	21496	47028	6327	19775	73656	254878	80174	70606	15767	40384	79158	85782	90948	309476	151103	666165	127119	218513	567128	683457	1059113	1233701	1057811	869641	2739203	2347946	6723650	5623622	16050902	50920064	0
LFQ	16	0	0	519	0	0	6218	11811	87855	153963	4520	158826	40121	22634	48500	7358	22299	75962	255517	80103	71505	17063	42464	79004	88786	94076	314591	154945	671609	127958	218486	585390	685064	1076616	1243932	1084428	904229	2763244	2399906	6811461	5674907	16087845	50510529	0
LFQ	17	0	0	27341	0	0	7097	14677	89779	159001	5777	158441	39956	22839	49204	8526	24237	78216	241978	82602	72510	18023	45694	79255	92077	102113	312608	155654	648798	129231	224777	580317	669594	1034421	1265809	1030233	944809	2726719	2365252	6823443	5700332	16383839	50269065	0
LFQ	18	0	0	104881	0	0	7559	16872	86882	158794	7822	158298	40409	23053	49943	8882	27547	80344	235869	85281	72951	19059	49650	79315	96079	111209	315027	159472	644578	132826	227301	573626	653578	1026553	1293100	1029855	993451	2733932	2377955	6866677	5704402	16605887	49825325	0
LFQ	19	0	0	95855	0	0	8708	19759	92174	170864	10411	160832	41792	23717	51862	9381	31424	76847	49480	297382	76589	19604	52058	82869	100033	116946	314426	170581	645214	141849	229706	595632	662323	1028427	882501	1490424	1048159	2256679	2514835	5665220	6326456	16842459	50280766	0
LFQ	20	0	0	45311	0	0	9895	22661	96240	179480	13467	161782	42619	26040	54784	9930	36999	85709	65576	319114	79842	21376	55934	84605	106278	123783	323672	175685	665152	143455	226332	635631	666693	1075153	902662	1556737	1103917	2295856	2656322	5793514	6721371	16912255	49188412	0
LFQ	21	0	0	20772	0	0	10742	24671	99924	186779	17203	159902	42755	27846	55994	10532	41822	93309	81904	293373	79911	23485	60517	85536	111331	137179	325767	182305	655468	149663	229780	652747	667302	1045231	917649	1547467	1163663	2302922	2680765	5880218	6953769	17018055	48645986	0
LFQ	22	0	0	36600	0	0	11268	27037	104093	191300	21192	155210	41231	27753	57508	11467	45766	96982	79824	256720	77827	26192	64794	87932	119080	152040	319683	185419	627649	158973	239547	674475	685425	1011180	937930	1529516	1232335	2308028	2664746	5947775	7009161	17046335	48414251	0
LFQ	23	0	0	17691	0	0	15076	27317	107692	198247	26389	150204	39564	29513	59021	11729	52646	106044	94424	236394	79976	29653	68717	89913	124947	168837	317568	190347	608124	163395	243869	707147	694304	989798	958753	1521520	1307846	2313723	2675195	6016434	7084008	17093846	48064373	0
LFQ	24	0	0	51322	0	0	16926	29766	111235	203948	32375	144565	37381	29628	59121	12964	57106	109316	90725	210432	79191	31615	73932	90913	129603	188709	307482	194126	582326	163987	250969	728515	693272	949509	981759	1494036	1388326	2309910	2653770	6171583	6792035	16424560	48807306	0
LFQ	25	0	0	23066	0	0	19925	32501	115998	214193	40130	141316	35999	31954	61455	13733	66432	130047	113712	196895	82764	34428	79807	93367	137656	208863	314153	201832	578383	169267	255384	791804	706864	954643	1021417	1525915	1484690	2345127	2708535	6295422	6776214	16583633	48096720	0
LFQ	26	0	0	14357	0	0	22057	35037	112470	214295	53083	144449	34908	33012	63792	14808	73503	143727	112862	177911	82386	37878	86514	97268	145597	231382	323089	207962	564057	184212	262207	839842	718899	941466	1054796	1538135	1586321	2365858	2766667	6414779	6859834	16938769	47186055	0
LFQ	27	0	0	39262	0	0	24725	36839	117419	219253	62741	131861	30452	32727	62286	16388	78727	138631	109886	159671	82030	41464	92699	100208	147778	251082	304353	213854	530603	192887	274250	855151	722128	899177	1087778	1495375	1689778	2356355	2732686	6526934	6805570	17563023	46458213	0
LFQ	28	0	0	10264	0	0	27131	39205	123600	227309	74783	123763	27020	34785	63175	17779	90409	175303	112430	148539	83178	45470	98890	103263	153386	271814	314910	222546	512294	200963	277550	923985	730500	883273	1133304	1511297	1813434	2373806	2761914	6635514	6667086	17789863	45880509	0
LFQ	29	0	0	94061	0	0	29545	42032	129271	237437	89960	113564	23771	35235	64045	19609	97115	160511	107181	141681	84477	48749	107558	107383	157840	294120	321382	231845	495564	205415	289789	951898	740105	856714	1189405	1516633	1951321	2394464	2794698	6849323	6635539	18288902	44786102	0
LFQ	30	0	0	6497	0	0	32987	45021	138247	244237	104723	101405	21916	41054	66512	21198	121819	239197	104779	136829	85763	53542	107867	112996	172312	311427	347629	243815	475677	218025	288862	1048247	752284	844482	1247264	1548597	2109064	2413985	2887587	7039233	6650197	18386038	43912930	0
LFQ	31	0	0	54027	0	0	35784	47617	143033	251482	119273	86496	20190	40126	67086	23219	118682	180677	89778	136512	84444	57834	114610	117804	175374	323496	358584	252598	456496	234120	302820	1068733	769875	806295	1300289	1527870	2255408	2404939	2898026	7235423	6565621	18793639	43165964	0
LFQ	32	0	0	21576	0	0	39482	51684	152953	260176	135660	73385	20638	44008	70998	25442	148771	207387	79201	139557	84891	64365	123108	124732	185366	338213	388214	269213	441105	253208	307303	1192110	796209	796346	1384514	1575603	2456075	2429558	3010285	7488745	6554998	18771118	42178047	0
LFQ	33	0	0	65977	0	0	42886	54120	158711	258788	147365	58361	20830	43654	71258	27626	138898	187200	64784	141936	83755	67367	130760	128447	186460	340978	381765	273166	418411	258598	319105	1173216	801605	762274	1430739	1537896	2609050	2388819	3025655	7636214	6473077	19098435	41676058	0
LFQ	34	0	0	21598	0	0	46546	58269	169047	263796	162728	47920	23001	49858	75441	30451	191724	205400	55726	148257	84979	73640	140383	136113	196199	354129	404832	292073	406882	276996	325651	1264755	823731	755097	1518032	1565772	2818564	2391057	3118516	7858765	6411701	19106687	40809928	0
LFQ	35	0	0	70557	0	0	49946	61062	176906	263037	168483	38029	24014	49377	76600	33274	165166	188536	47607	152267	85865	76909	141029	142252	198028	361437	390216	301557	402014	287041	342590	1228942	836128	744648	1577525	1539657	2985513	2334986	3167561	7984789	6340175	19422082	40228439	0
LFQ	36	0	0	158948	0	0	53708	64765	186951	264958	180991	33034	24905	51634	79386	36964	173408	177819	42995	161006	90178	83371	151839	149565	208141	380792	389931	322543	407700	305351	361053	1258914	870860	756293	1673746	1569101	3187609	2345054	3226349	8176114	6307875	19634515	39135878	0
LFQ	37	0	0	166789	0	0	56285	67995	195990	264948	183627	30773	27282	54884	83793	39786	186309	173431	41295	163729	88668	89375	158714	156686	217070	385185	385325	334217	399777	323489	362536	1271920	876116	756971	1739446	1552116	3395673	2271071	3286646	8123201	6375536	19264608	39132982	0
LFQ	38	0	0	127333	0	0	60060	70989	205262	264062	184026	31969	29808	61354	87587	43527	210343	174459	42530	166185	89378	94971	166191	163687	227251	393022	373868	349179	400208	342883	375197	1275651	893799	772693	1817953	1556803	3585388	2248966	3341558	8152689	6358797	19225744	38718874	0
LFQ	39	0	0	90303	0	0	63371	74300	217360	263164	180485	33685	32936	67517	94001	46232	239608	158192	44009	169391	88051	105306	152197	174427	266676	399694	382733	365534	393560	368004	373239	1318943	906471	780259	1903876	1559425	3820242	2184265	3436436	7777180	6781350	18675000	38696822	0
LFQ	40	0	0	66578	0	0	66668	76075	226657	257810	173517	35564	34137	71402	96525	49994	252563	135533	46038	171592	87561	109339	157012	177814	273796	397274	344589	374286	398056	384341	389684	1263471	915889	799498	1964563	1562530	3984262	2179938	3487072	7759181	6824276	18784826	38304333	0
LFQ	41	0	0	52133	0	0	70291	78706	234400	254216	167201	38189	35949	73966	102546	52965	250731	117718	48219	174797	86474	117943	161040	189666	289380	402310	332716	392323	396861	411415	392109	1270546	925110	812442	2033866	1557075	4190562	2148822	3549886	7601477	6874942	18268272	38526980	0
LFQ	42	0	0	37790	0	0	74528	79670	239728	245755	156340	40881	36633	77806	106304	55683	244029	101520	50124	174791	83115	122569	163694	195817	295187	395870	304818	398293	391604	433427	396571	1217355	922487	821595	2064980	1544844	4371947	2116653	3596112	7343635	6974892	17878883	38928314	0
LFQ	43	0	0	30163	0	0	77189	79869	244980	241135	147214	42930	38158	80472	110213	58264	236671	89263	52083	176425	81519	127620	165145	201210	304661	392678	281650	405878	385973	457132	401911	1175243	925293	832344	2089159	1544954	4562738	2113523	3630104	7080692	7004336	17397194	39418258	0
LFQ	44	0	0	33144	0	0	80404	82855	255976	241407	142804	45439	39492	84788	115787	61830	227723	79187	54415	182685	81881	133779	170775	210237	321170	395517	261777	422559	388325	485968	418655	1156756	947147	860405	2142525	1584888	4763015	2175098	3693598	6991701	6943136	17139378	39268018	0
LFQ	45	0	0	66391	0	0	86073	85954	267292	244228	139267	48941	41083	76330	118591	62978	213248	56185	57054	162481	81452	226344	114572	206255	373915	396303	255222	438047	388138	499020	437441	1131168	979211	885619	2199286	1648145	4963064	2259010	3777913	6941079	6809991	17156323	38790630	0
LFQ	46	0	0	21483	0	0	90892	87743	279984	245250	133957	52277	44701	110478	135359	66900	214177	48693	60424	166884	82323	240506	116293	215158	398777	401989	243456	462344	391778	533086	454869	1126235	1013856	918824	2268561	1724288	5196737	2344031	3894400	6898441	6879049	16907712	38212329	0
LFQ	47	0	0	21732	0	0	92228	86610	284293	242343	122955	55439	45726	96509	132556	68267	197718	42710	62077	167542	78757	245490	116379	229081	411561	394622	225117	469065	394324	550999	466172	1073829	1021879	935173	2278136	1788414	5442005	2408454	3999709	6720895	7178739	16854831	37681908	0
LFQ	48	0	0	46224	0	0	91880	83273	280100	235710	112666	58718	46893	82050	135302	68329	188290	36977	62360	165875	73931	251401	115128	225358	411580	381975	212826	476803	375481	591485	462256	1039041	1009982	935745	2259777	1805154	5809591	2443279	4099508	6324091	7379872	16219964	38085369	0
LFQ	49	0	0	69756	0	0	89839	78097	274371	226110	98583	61706	48880	82994	138136	67246	186042	33154	61966	160984	67839	243253	109737	220351	332698	400802	172611	454029	403554	572210	457071	965425	982432	921236	2198816	1807873	6185006	2530630	4232771	5428889	8233700	15861120	38224327	0
LFQ	50	0	0	18832	0	0	93562	78999	288097	228616	93851	63426	51393	128153	148773	69459	167856	31283	63772	166631	68303	253608	112370	226142	347680	398860	161474	475353	404053	594011	469502	950935	995129	933876	2189938	1861336	6637590	2627076	4334616	5228013	8023822	15073431	38624423	0
LFQ	51	0	0	45056	0	0	97305	82181	305598	257544	92742	98740	81584	117800	237183	101654	260229	27536	75108	191722	59561	385080	155444	386479	545725	672570	287350	756621	555125	1230805	658870	2120972	1968571	1629854	4892341	3821670	5745414	3819847	9478920	10981254	19805735	13916590	6737464	0
LFQ	52	0	0	50791	0	0	101885	84331	321092	257648	85686	88401	70698	102103	207613	88846	195533	26078	73732	186307	64255	336435	137286	312045	459400	505203	189652	630268	470188	918415	560915	1348619	1509806	1336741	3589611	3243925	6222832	3351254	6294994	8411023	20136028	22522542	8192063	0
LFQ	53	0	0	194795	0	0	104264	82975	326511	252344	75884	82944	64770	91540	187983	80984	161080	27489	75152	188227	66335	318388	129693	284304	428696	435035	157598	585197	434896	793325	547563	1052645	1280645	1171162	2765692	2641362	7374573	3210100	5192299	6361976	12600913	21684783	21170122	0
LFQ	54	0	0	144626	0	0	107076	80739	332338	249887	65940	83750	69130	106041	184630	77311	156054	27186	76252	191115	64992	315544	124477	273979	416719	399077	145796	571430	416993	750180	546105	930506	1195254	1106957	2437785	2447512	8209024	3232345	5059323	5330911	9783066	15762027	31212167	0
LFQ	55	0	0	152305	0	0	109570	80516	340371	249845	58297	83255	64376	81394	178442	82067	134038	26336	80316	194029	66020	307232	141872	275295	416471	291638	234579	580036	412061	745070	560172	884423	1182314	1103096	2332508	2471508	8854452	3348102	5057827	4938821	9019684	13622930	33922976	0
LFQ	56	0	0	238886	0	0	114417	80306	348175	252602	50663	86312	64583	75009	181355	80689	125025	26349	81258	199587	64790	309177	143290	274485	420810	276481	238203	582915	406773	753297	575918	859298	1194667	1116086	2310581	2548364	9460329	3489179	5207821	4652817	8857731	12667606	34268410	0
LFQ	57	0	0	218488	0	0	118790	80390	359708	259654	44252	92264	71635	85048	189248	79998	127624	26045	84832	207568	63220	323423	146722	285843	430442	268580	245186	607828	410404	783150	596185	860040	1230569	1148028	2333876	2678898	10063816	3654246	5413219	4483943	8915228	12030400	33665454	0
LFQ	58	0	0	112340	0	0	122467	78621	373038	261715	37107	101038	92108	136435	200132	78289	129163	25332	88865	214838	60677	340421	149355	297236	436491	260970	254264	629012	415707	799013	618076	865460	1268174	1183720	2368140	2823924	10687282	3846071	5634920	4352768	9139002	11633143	32568930	0
LFQ	59	0	0	139329	0	0	127305	77184	379051	262144	30779	104172	86572	105890	196432	66869	120640	24852	90139	230083	58642	322949	131081	367713	370147	218185	224038	783555	415956	809953	639423	861915	1303070	1217368	2401246	2960691	11366809	4043284	5857100	4205147	9238605	11194880	31651046	0
LFQ	60	0	0	127253	0	0	131251	75007	387928	261654	25289	104392	80676	87569	190951	62627	116495	24435	92018	235483	55946	323067	131148	367141	366646	206880	230494	815337	422787	801447	659639	861896	1324422	1243409	2434834	3086309	12116764	4253235	6086016	4055855	9418573	10787482	30631889	0
LFQ	61	0	0	126864	0	0	137636	74915	399575	266895	20320	108687	83920	85034	193250	60165	117524	24853	96229	245469	54592	333245	134330	380570	366798	202055	240151	831661	425225	812623	686297	880025	1369881	1287918	2477549	3244126	12868051	4486409	6343948	3943530	9603078	10310134	29360712	0
LFQ	62	0	0	95180	0	0	142799	74428	415875	270958	16052	115341	98501	95091	196313	57489	120182	24529	99742	256954	53504	344007	136832	396743	367530	199997	251756	864273	434905	824128	717094	902857	1416179	1332076	2538191	3418008	13636166	4729464	6591296	3842776	9837157	9883333	27886538	0
LFQ	63	0	0	188944	0	0	147450	73468	425164	271860	11925	117022	83190	73544	194561	53722	123418	23666	103333	265151	50925	349336	138844	405785	361445	196573	262111	876059	437263	818146	741524	914128	1441438	1365251	2585533	3575405	14474112	4975506	6844536	3691562	10077251	9471749	26473344	0
LFQ	64	0	0	154660	0	0	153306	71861	440088	274324	8910	126588	100051	91689	198318	51183	126694	23088	107695	276193	48379	364407	141690	422853	363886	197147	273381	910140	449804	826044	772313	948375	1488803	1411456	2648675	3745295	15327909	5234200	7116098	3564223	10266031	8931905	25026582	0
LFQ	65	0	0	164011	0	0	158064	70033	453395	272331	6266	129986	93717	78363	195692	47526	122777	31565	111572	213698	117427	385316	141912	347492	445912	197028	285318	919629	328290	805186	959409	980404	1523432	1455158	2713701	3920823	16233784	5508827	7388601	3410986	10484830	8429190	23552593	0
LFQ	66	0	0	199615	0	0	165074	69352	472004	274717	4361	136129	93074	74420	195689	45091	126293	32001	116419	219479	119595	391374	143721	356609	447063	199465	296974	942822	333510	797501	997169	1013022	1562538	1502614	2788168	4104351	17176548	5785163	7663455	3269179	10645382	7936200	21988103	0
LFQ	67	0	0	152386	0	0	169649	65971	480978	266052	2716	144937	116846	92129	190818	41619	130179	31783	118655	223754	120295	398161	143454	356389	443376	199281	308697	950463	336566	768500	1026235	1038905	1576576	1531484	2866489	4265949	18216483	6073216	7956111	3090992	10829793	7455863	20502494	0
LFQ	68	0	0	141651	0	0	175750	65087	497826	265865	1714	152566	117040	85233	187580	39365	135876	32211	125604	230824	123124	427194	145779	364831	450270	204209	321527	990024	343797	758917	1071020	1080366	1615920	1578318	2942449	4452496	19231423	6369558	8229562	2925491	10955556	6889693	18958528	0
LFQ	69	0	0	158410	0	0	182715	63762	513802	261104	1141	155939	107075	78467	181637	36759	139474	32774	128847	237067	124400	426360	145003	365644	449550	205608	335284	1001892	354643	732790	1107315	1119958	1640183	1613548	3037091	4649071	20316946	6669777	8511394	2761206	11054577	6402749	17380282	0
LFQ	70	0	0	113018	0	0	187431	62031	535207	260196	727	171413	146176	81720	181799	34699	146808	32311	135614	244010	128737	449012	148142	277281	350759	420626	355426	1041099	364486	730515	1159827	1178331	1695147	1679295	3145135	4879715	21336753	6982250	8753692	2595764	11122025	5843508	15713559	0
LFQ	71	0	0	191481	0	0	194792	59720	547359	254682	482	171336	111485	78052	173457	32757	150691	33076	139115	251088	130347	452967	147005	270429	346466	429452	369530	1041686	375247	690464	1193990	1204357	1708901	1708637	3246397	5085471	22494162	7281949	9026757	2420727	11143902	5352966	14172862	0
LFQ	72	0	0	192293	0	0	199970	57636	565526	248042	403	180472	114215	79715	170536	30458	156597	32849	145132	254875	133988	469653	147149	266549	350939	444519	384900	1062944	386455	670254	1232391	1237776	1733298	1748669	3327027	5273586	23699049	7583036	9279181	2228588	11094893	4783881	12716800	0
LFQ	73	0	0	110010	0	0	205160	55057	585086	243628	313	204515	190020	83415	165033	28626	163024	32832	151343	261755	138374	487126	147795	260338	356322	460385	404760	1088588	401594	651172	1282437	1288040	1772706	1801338	3458044	5548737	24808792	7888326	9482420	2056195	10987381	4290035	11143522	0
LFQ	74	0	0	167272	0	0	212682	53941	602198	236727	298	202465	134353	83369	157192	27423	167569	33664	157580	268426	142323	502352	146577	251135	360003	471869	420536	1095828	415213	618972	1317600	1316447	1793664	1835220	3561709	5762618	26071386	8177235	9700471	1885108	10792614	3777339	9762866	0
LFQ	75	0	0	85428	0	0	218197	51497	624059	233367	331	223572	185392	81618	152360	25782	173811	33989	164377	275113	146998	519416	147200	244739	373045	490189	442082	909214	650204	600655	1366911	1361245	1828876	1884026	3676158	6016051	27278155	8464496	9852432	1716924	10512763	3283266	8390306	0
LFQ	76	0	0	189843	0	0	225130	49947	640824	226737	264	214307	123384	84152	142412	25393	178819	35322	167044	283738	150260	522064	144788	233131	373722	499367	460968	890855	673414	561342	1402883	1380519	1854003	1910349	3815194	6279917	28543364	8738483	9996024	1561950	10166913	2847435	7089983	0
LFQ	77	0	0	171516	0	0	231584	47769	656338	220855	257	229534	133734	84976	136744	23648	184264	35162	175749	287636	156701	543312	144681	222832	382933	516086	482121	894217	695411	540036	1442615	1402165	1871853	1943779	3877527	6459933	29912057	9011215	10083310	1376288	9754007	2365241	5986158	0
LFQ	78	0	0	152865	0	0	237218	45557	674156	216719	265	240838	137920	86512	130365	22720	191968	35291	182173	293345	162412	559005	143534	210436	395178	530256	503179	896842	719507	512711	1482136	1426584	1901818	1979497	3979653	6710387	31242094	9255915	10105951	1220631	9228008	1949473	4921125	0
LFQ	79	0	0	147698	0	0	242928	43505	689497	208909	255	254745	149035	87880	121183	21916	196679	35511	186674	298183	167381	566884	141154	196093	403444	543352	525300	885424	747671	486801	1518169	1447272	1925163	2011904	4088589	6978033	32557722	9492649	10067444	1070572	8634850	1594682	3949093	0
LFQ	80	0	0	136698	0	0	250465	41182	710905	202984	263	264819	145839	90426	111575	21754	201518	36081	193243	305409	173408	579249	137964	183579	416334	557524	545661	875981	772177	457569	1555263	1461886	1954000	2038268	4193958	7208392	33926206	9696788	9965010	933344	7957359	1268972	3112191	0
LFQ	81	0	0	144198	0	0	258356	39511	729862	200056	258	269697	127688	91019	107148	20634	210102	36677	203380	310081	182380	600316	137185	172657	435794	575003	573768	881066	801546	436559	1602488	1488551	1998208	2089005	4276385	7470330	35216546	9870769	9744277	796416	7222031	976278	2388019	0
LFQ	82	0	0	129347	0	0	265127	37250	747783	195461	252	284368	131949	93532	99654	19931	216038	36901	208417	316353	191051	614824	134459	160207	441811	590629	599633	866254	832687	412984	1643134	1510539	2033681	2129397	4379273	7763867	36506109	10005996	9455230	678251	6434024	740316	1777525	0
LFQ	83	0	0	43523	0	0	269252	34333	757613	188151	257	360227	145603	93686	90104	19356	219022	37239	213207	320434	195525	615127	129325	144612	450240	601154	620308	840522	852905	385846	1665636	1503723	2054532	2155726	4494128	8051513	37861540	10118173	9107221	571703	5639791	548622	1284365	0
LFQ	84	0	0	122275	0	0	277565	33381	780972	186127	254	314099	127813	94814	82898	19087	228549	37968	221450	327646	208506	636103	127657	134111	468177	620965	654640	837457	885171	369402	1719349	1522100	2096773	2206090	4558529	8295457	39100511	10177155	8631388	467667	4822201	387491	902446	0
LFQ	85	0	0	171874	0	0	283625	30651	792092	179608	259	304665	117193	96894	74879	18818	230352	38835	222733	330683	215395	634973	121494	121466	471456	627269	672910	803428	901908	344335	1730700	1513801	2104802	2219286	4636033	8527438	40489784	10215286	8129656	382094	4044838	268785	613946	0
LFQ	86	0	0	176001	0	0	291261	28955	810568	176454	290	321958	120873	98746	67923	18199	237230	39629	229621	338094	224178	646796	117795	110802	482120	642841	701186	783383	925978	325557	1762761	1516648	2128121	2243764	4694494	8733657	41768575	10190919	7537705	303472	3303145	179037	405508	0
LFQ	87	0	0	185840	0	0	298100	27324	827957	174107	309	333814	118222	99559	61363	17390	244288	39762	236766	344243	234955	655985	113609	101033	495377	657729	731768	758742	952923	308387	1791662	1521533	2151965	2278123	4753614	8964076	42978370	10108710	6886403	237567	2619499	114464	258706	0
LFQ	88	0	0	207006	0	0	304052	25271	841895	169729	306	339191	111943	100725	54240	17400	247823	40640	241170	349011	242534	658621	108062	91627	507728	668379	754133	727380	978857	289752	1809690	1522027	2163273	2296698	4827718	9175519	44202832	9968241	6206114	182837	2019650	72652	159518	0
LFQ	89	0	0	183262	0	0	312646	23845	861267	170090	314	369984	122156	101805	48278	16860	256380	41039	249845	354383	257803	674121	103585	83353	522185	685674	787179	706591	1007522	277282	1848855	1536802	2199560	2340717	4881772	9389681	45236201	9766616	5484562	135436	1504732	44258	97603	0
LFQ	90	0	0	156145	0	0	319714	22014	882987	170684	316	400653	123911	103112	42962	16719	263884	41480	261982	363000	271803	689657	98972	76074	541810	703274	825127	683462	1041584	263263	1889837	1546315	2232997	2391912	4941114	9625791	46166521	9497765	4757141	97506	1085736	27850	59170	0
LFQ	91	0	0	162946	0	0	328416	20548	900967	170621	330	401892	114118	104122	37194	16512	272045	42614	271134	370504	284150	696704	93653	69498	558834	719369	858676	655416	1072248	250778	1921540	1559834	2261354	2428171	5005424	9853722	47060395	9178979	4060854	69892	755801	17765	37224	0
LFQ	92	0	0	77615	0	0	334205	18909	913938	168513	351	479550	108586	104442	31499	15865	275182	43059	274590	374028	292565	693136	87081	64040	573154	729948	879935	615979	1098858	237741	1931249	1569344	2268734	2450752	5089245	10037458	48004170	8834685	3410884	48465	509729	12141	24619	0
LFQ	93	0	0	86573	0	0	340491	17089	925208	167907	329	476090	101538	104663	26429	15715	279450	43908	282585	380041	302648	690449	81585	59164	576164	735997	905584	581358	1117828	226250	1937118	1573287	2267239	2455565	5126252	10156772	48962514	8471358	2817536	32810	332143	8657	17950	0
LFQ	94	0	0	121566	0	0	350837	16202	949834	168012	341	428753	98886	105169	22451	15818	286168	45683	294335	392154	317155	694737	75902	55870	604619	753543	941356	551805	1147153	214757	1966689	1580311	2291059	2487163	5179503	10319068	49634608	8043769	2277961	21547	209408	6701	13351	0
LFQ	95	0	0	53282	0	0	357755	14460	962468	171667	369	507040	96958	33052	90491	15183	295131	45523	297053	396194	334785	704240	71780	52272	611598	772572	979117	524899	1179780	203957	2007562	1602842	2318334	2532721	5221621	10484823	50159277	7611791	1814076	14144	130092	5229	10106	0
LFQ	96	0	0	133748	0	0	364411	12970	968981	173084	385	452756	92543	31062	88214	14946	300570	46438	307811	402799	348770	703059	66791	49478	620888	785252	1007707	494698	1203281	195194	2025493	1612573	2338628	2563028	5280165	10640051	50646881	7176590	1433744	9135	80265	4203	7652	0
LFQ	97	0	0	210828	0	0	372073	11858	987638	174899	391	465030	91665	29343	87589	14964	306077	47302	304131	409607	360672	700460	61056	47148	626907	795183	1035416	462618	1220376	184796	2041961	1614285	2351035	2586311	5326347	10770512	51043445	6748683	1127059	6012	51491	3257	5819	0
LFQ	98	0	0	190725	0	0	378570	10753	993358	177888	366	493818	89830	27059	85754	14663	311741	47161	311596	413098	372497	698603	57128	45393	642232	806341	1061804	432898	1239713	173834	2054425	1621755	2355455	2600457	5356563	10847213	51472090	6364000	889733	4288	34632	2467	4343	0
LFQ	99	0	0	150286	0	0	385478	9443	1012296	181440	399	530688	84335	25181	84679	14542	319123	48754	327662	422430	389832	698885	53096	44162	659737	819568	1093644	405781	1266168	165515	2079731	1637371	2376078	2628533	5391051	10959160	51691230	5985783	708902	3267	24957	1890	3167	0
LFQ	100	0	0	172749	0	0	396840	8627	1033419	184319	401	520060	79721	22954	86157	14260	325383	49922	335530	433979	406709	694256	50067	44214	672317	834838	1129247	379809	1300621	155747	2107848	1655929	2406726	2658933	5438994	11067881	51772877	5638798	578777	2530	19175	1402	2228	0
LFQ	101	0	0	406055	0	0	583593	14811	1739701	241123	641	757872	118778	29768	153715	17478	478920	105761	495246	826646	742110	1094061	57971	70156	1054965	1335145	2186797	592551	2160810	187136	3864995	2892797	4585570	4858963	7174126	18030872	32663731	2897404	252902	2017	7792	637	628	0
# GC Content of first fragments. Use `grep ^GCF | cut -f 2-` to extract this part.
GCF	0.25	10
GCF	1.01	11
GCF	2.01	27
GCF	3.02	40
GCF	4.02	60
GCF	5.03	100
GCF	6.03	141
GCF	7.04	220
GCF	8.04	310
GCF	9.05	415
GCF	10.05	515
GCF	11.06	749
GCF	12.06	1091
GCF	13.07	1575
GCF	14.07	2188
GCF	15.08	3614
GCF	16.08	5857
GCF	17.09	10265
GCF	18.09	17322
GCF	19.10	29068
GCF	20.10	46684
GCF	21.11	71221
GCF	22.11	106483
GCF	23.12	152586
GCF	24.12	210994
GCF	25.13	284016
GCF	26.13	372404
GCF	27.14	474770
GCF	28.14	590960
GCF	29.15	724052
GCF	30.15	863780
GCF	31.16	1021699
GCF	32.16	1191303
GCF	32.91	1378735
GCF	33.67	1565121
GCF	34.67	1762720
GCF	35.68	1958985
GCF	36.68	2154766
GCF	37.69	2333954
GCF	38.69	2483340
GCF	39.70	2591695
GCF	40.70	2658274
GCF	41.71	2676745
GCF	42.71	2678533
GCF	43.72	2668432
GCF	44.72	2649408
GCF	45.73	2631626
GCF	46.73	2633383
GCF	47.74	2656748
GCF	48.74	2664583
GCF	49.75	2674621
GCF	50.75	2661873
GCF	51.76	2628591
GCF	52.76	2592629
GCF	53.77	2553023
GCF	54.77	2511901
GCF	55.78	2492781
GCF	56.78	2453522
GCF	57.79	2401547
GCF	58.79	2345976
GCF	59.80	2275910
GCF	60.80	2190165
GCF	61.81	2090376
GCF	62.81	1975246
GCF	63.82	1846327
GCF	64.82	1687271
GCF	65.83	1516981
GCF	66.58	1334473
GCF	67.34	1150334
GCF	68.34	961894
GCF	69.35	791208
GCF	70.35	643901
GCF	71.36	517746
GCF	72.36	417800
GCF	73.37	335864
GCF	74.37	272627
GCF	75.38	223499
GCF	76.38	181679
GCF	77.39	148726
GCF	78.39	116501
GCF	79.40	91447
GCF	80.40	71232
GCF	81.41	55072
GCF	82.41	41492
GCF	83.42	30923
GCF	84.42	21604
GCF	85.43	15136
GCF	86.43	10553
GCF	87.44	7243
GCF	88.44	4561
GCF	89.45	2845
GCF	90.45	2294
GCF	91.46	1124
GCF	92.46	721
GCF	93.47	465
GCF	94.47	314
GCF	95.48	240
GCF	96.48	148
GCF	97.49	112
GCF	98.49	100
GCF	99.50	36
# GC Content of last fragments. Use `grep ^GCL | cut -f 2-` to extract this part.
GCL	0.25	137
GCL	1.01	183
GCL	2.01	304
GCL	3.02	564
GCL	4.02	960
GCL	5.03	1424
GCL	6.03	1972
GCL	7.04	2641
GCL	8.04	3234
GCL	9.05	3995
GCL	10.05	4703
GCL	11.06	5377
GCL	12.06	6326
GCL	13.07	6979
GCL	14.07	8211
GCL	15.08	10227
GCL	16.08	13249
GCL	17.09	18543
GCL	18.09	27583
GCL	19.10	42220
GCL	20.10	63939
GCL	21.11	93529
GCL	22.11	135298
GCL	23.12	189336
GCL	24.12	256911
GCL	25.13	339612
GCL	26.13	436840
GCL	27.14	545690
GCL	28.14	669622
GCL	29.15	807552
GCL	30.15	947886
GCL	31.16	1103897
GCL	32.16	1271823
GCL	32.91	1451967
GCL	33.67	1626718
GCL	34.67	1811516
GCL	35.68	1992587
GCL	36.68	2170533
GCL	37.69	2331431
GCL	38.69	2466885
GCL	39.70	2561460
GCL	40.70	2620358
GCL	41.71	2627078
GCL	42.71	2623562
GCL	43.72	2599840
GCL	44.72	2586363
GCL	45.73	2569383
GCL	46.73	2574520
GCL	47.74	2592762
GCL	48.74	2608103
GCL	49.75	2616558
GCL	50.75	2603871
GCL	51.76	2570904
GCL	52.76	2536698
GCL	53.77	2491888
GCL	54.77	2456167
GCL	55.78	2435393
GCL	56.78	2395418
GCL	57.79	2345256
GCL	58.79	2293636
GCL	59.80	2228606
GCL	60.80	2145719
GCL	61.81	2056398
GCL	62.81	1949082
GCL	63.82	1829147
GCL	64.82	1682770
GCL	65.83	1513845
GCL	66.58	1339926
GCL	67.34	1160072
GCL	68.34	977232
GCL	69.35	805135
GCL	70.35	661929
GCL	71.36	536290
GCL	72.36	434254
GCL	73.37	351760
GCL	74.37	287103
GCL	75.38	236671
GCL	76.38	193416
GCL	77.39	158769
GCL	78.39	126492
GCL	79.40	100696
GCL	80.40	79942
GCL	81.41	63318
GCL	82.41	48323
GCL	83.42	37750
GCL	84.42	26776
GCL	85.43	19872
GCL	86.43	14543
GCL	87.44	10360
GCL	88.44	7501
GCL	89.45	5182
GCL	90.45	3761
GCL	91.46	2739
GCL	92.46	1957
GCL	93.47	1454
GCL	94.47	1131
GCL	95.48	837
GCL	96.48	646
GCL	97.49	519
GCL	98.49	369
GCL	99.50	203
# ACGT content per cycle. Use `grep ^GCC | cut -f 2-` to extract this part. The columns are: cycle; A,C,G,T base counts as a percentage of all A/C/G/T bases [%]; and N and O counts as a percentage of all A/C/G/T bases [%]
GCC	1	25.66	24.16	24.41	25.76	0.03	0.00
GCC	2	25.99	23.87	23.95	26.19	0.00	0.00
GCC	3	25.55	24.47	24.27	25.71	0.00	0.00
GCC	4	25.54	24.56	24.28	25.62	0.00	0.00
GCC	5	25.67	24.44	24.20	25.69	0.00	0.00
GCC	6	25.26	24.85	24.65	25.24	0.01	0.00
GCC	7	25.69	24.40	24.22	25.69	0.00	0.00
GCC	8	25.86	24.28	24.01	25.85	0.00	0.00
GCC	9	25.72	24.45	24.13	25.71	0.00	0.00
GCC	10	25.84	24.34	23.99	25.83	0.00	0.00
GCC	11	25.84	24.34	23.97	25.85	0.00	0.00
GCC	12	25.80	24.40	24.03	25.78	0.02	0.00
GCC	13	25.87	24.33	23.96	25.85	0.01	0.00
GCC	14	25.86	24.34	23.95	25.85	0.00	0.00
GCC	15	25.76	24.46	24.04	25.74	0.00	0.00
GCC	16	25.77	24.46	24.04	25.73	0.00	0.00
GCC	17	25.75	24.49	24.04	25.73	0.01	0.00
GCC	18	25.67	24.59	24.11	25.63	0.06	0.00
GCC	19	25.68	24.57	24.11	25.63	0.05	0.00
GCC	20	25.68	24.58	24.10	25.63	0.02	0.00
GCC	21	25.57	24.69	24.19	25.54	0.01	0.00
GCC	22	25.60	24.68	24.17	25.56	0.03	0.00
GCC	23	25.62	24.66	24.13	25.59	0.01	0.00
GCC	24	25.53	24.75	24.21	25.51	0.03	0.00
GCC	25	25.57	24.72	24.17	25.54	0.01	0.00
GCC	26	25.58	24.71	24.15	25.56	0.01	0.00
GCC	27	25.49	24.81	24.24	25.47	0.02	0.00
GCC	28	25.53	24.78	24.20	25.49	0.01	0.00
GCC	29	25.53	24.77	24.19	25.50	0.05	0.00
GCC	30	25.45	24.86	24.25	25.44	0.00	0.00
GCC	31	25.48	24.85	24.23	25.44	0.03	0.00
GCC	32	25.50	24.82	24.20	25.47	0.01	0.00
GCC	33	25.43	24.90	24.26	25.41	0.04	0.00
GCC	34	25.46	24.88	24.23	25.44	0.01	0.00
GCC	35	25.46	24.87	24.21	25.45	0.04	0.00
GCC	36	25.41	24.93	24.26	25.40	0.09	0.00
GCC	37	25.43	24.91	24.22	25.43	0.09	0.00
GCC	38	25.45	24.90	24.21	25.45	0.07	0.00
GCC	39	25.38	24.98	24.26	25.37	0.06	0.00
GCC	40	25.39	24.97	24.25	25.39	0.04	0.00
GCC	41	25.40	24.95	24.24	25.41	0.03	0.00
GCC	42	25.34	25.03	24.29	25.34	0.02	0.00
GCC	43	25.36	25.00	24.26	25.37	0.02	0.00
GCC	44	25.38	24.98	24.23	25.40	0.02	0.00
GCC	45	25.31	25.06	24.29	25.34	0.04	0.00
GCC	46	25.34	25.03	24.26	25.36	0.01	0.00
GCC	47	25.36	25.02	24.23	25.39	0.01	0.00
GCC	48	25.30	25.08	24.28	25.33	0.02	0.00
GCC	49	25.33	25.06	24.26	25.35	0.04	0.00
GCC	50	25.34	25.04	24.24	25.37	0.01	0.00
GCC	51	25.28	25.11	24.29	25.32	0.03	0.00
GCC	52	25.32	25.08	24.26	25.34	0.03	0.00
GCC	53	25.35	25.05	24.23	25.38	0.11	0.00
GCC	54	25.27	25.13	24.29	25.31	0.08	0.00
GCC	55	25.29	25.12	24.28	25.32	0.09	0.00
GCC	56	25.31	25.10	24.25	25.34	0.14	0.00
GCC	57	25.25	25.15	24.30	25.30	0.12	0.00
GCC	58	25.29	25.12	24.27	25.32	0.06	0.00
GCC	59	25.30	25.11	24.25	25.35	0.08	0.00
GCC	60	25.22	25.18	24.31	25.28	0.07	0.00
GCC	61	25.25	25.15	24.30	25.30	0.07	0.00
GCC	62	25.28	25.13	24.26	25.33	0.06	0.00
GCC	63	25.23	25.19	24.31	25.28	0.11	0.00
GCC	64	25.26	25.17	24.28	25.30	0.10	0.00
GCC	65	25.29	25.14	24.25	25.32	0.10	0.00
GCC	66	25.22	25.20	24.31	25.27	0.12	0.00
GCC	67	25.24	25.18	24.30	25.28	0.09	0.00
GCC	68	25.26	25.16	24.27	25.31	0.09	0.00
GCC	69	25.21	25.21	24.31	25.26	0.09	0.00
GCC	70	25.23	25.19	24.30	25.28	0.07	0.00
GCC	71	25.24	25.18	24.27	25.31	0.11	0.00
GCC	72	25.19	25.23	24.32	25.26	0.11	0.00
GCC	73	25.22	25.20	24.30	25.28	0.06	0.00
GCC	74	25.24	25.17	24.28	25.31	0.09	0.00
GCC	75	25.19	25.24	24.33	25.25	0.06	0.00
GCC	76	25.22	25.21	24.30	25.28	0.11	0.00
GCC	77	25.24	25.19	24.28	25.30	0.10	0.00
GCC	78	25.18	25.25	24.33	25.25	0.09	0.00
GCC	79	25.20	25.22	24.32	25.26	0.08	0.00
GCC	80	25.22	25.21	24.30	25.28	0.07	0.00
GCC	81	25.18	25.23	24.34	25.24	0.09	0.00
GCC	82	25.21	25.21	24.32	25.27	0.07	0.00
GCC	83	25.23	25.20	24.28	25.29	0.03	0.00
GCC	84	25.18	25.25	24.34	25.23	0.07	0.00
GCC	85	25.20	25.21	24.31	25.27	0.10	0.00
GCC	86	25.23	25.19	24.29	25.29	0.10	0.00
GCC	87	25.19	25.23	24.33	25.25	0.10	0.00
GCC	88	25.21	25.21	24.32	25.27	0.12	0.00
GCC	89	25.21	25.20	24.31	25.28	0.10	0.00
GCC	90	25.18	25.24	24.35	25.23	0.09	0.00
GCC	91	25.19	25.23	24.34	25.24	0.10	0.00
GCC	92	25.20	25.21	24.33	25.26	0.05	0.00
GCC	93	25.18	25.24	24.35	25.23	0.05	0.00
GCC	94	25.19	25.22	24.35	25.24	0.07	0.00
GCC	95	25.21	25.20	24.33	25.27	0.03	0.00
GCC	96	25.18	25.23	24.36	25.23	0.07	0.00
GCC	97	25.21	25.20	24.33	25.26	0.12	0.00
GCC	98	25.22	25.18	24.32	25.28	0.10	0.00
GCC	99	25.18	25.22	24.37	25.23	0.08	0.00
GCC	100	25.19	25.20	24.36	25.24	0.10	0.00
GCC	101	25.18	25.21	24.37	25.24	0.22	0.00
# ACGT content per cycle, read oriented. Use `grep ^GCT | cut -f 2-` to extract this part. The columns are: cycle; A,C,G,T base counts as a percentage of all A/C/G/T bases [%]
GCT	1	27.18	24.01	24.57	24.24
GCT	2	26.74	24.07	23.75	25.44
GCT	3	25.23	24.63	24.12	26.02
GCT	4	25.40	24.19	24.65	25.75
GCT	5	25.88	23.74	24.90	25.48
GCT	6	25.56	24.59	24.90	24.94
GCT	7	25.58	24.14	24.48	25.80
GCT	8	25.70	24.39	23.90	26.00
GCT	9	25.42	24.57	24.01	26.00
GCT	10	25.72	24.24	24.09	25.95
GCT	11	25.62	24.23	24.08	26.07
GCT	12	25.47	24.42	24.00	26.11
GCT	13	25.58	24.27	24.02	26.14
GCT	14	25.55	24.28	24.00	26.16
GCT	15	25.43	24.44	24.06	26.07
GCT	16	25.44	24.38	24.12	26.06
GCT	17	25.42	24.39	24.13	26.05
GCT	18	25.30	24.57	24.13	26.00
GCT	19	25.35	24.50	24.19	25.97
GCT	20	25.34	24.51	24.18	25.98
GCT	21	25.24	24.64	24.24	25.88
GCT	22	25.32	24.58	24.27	25.84
GCT	23	25.33	24.55	24.24	25.87
GCT	24	25.23	24.68	24.28	25.81
GCT	25	25.34	24.56	24.33	25.76
GCT	26	25.35	24.52	24.35	25.78
GCT	27	25.27	24.65	24.40	25.69
GCT	28	25.36	24.54	24.44	25.66
GCT	29	25.34	24.54	24.43	25.69
GCT	30	25.24	24.65	24.46	25.65
GCT	31	25.32	24.58	24.49	25.60
GCT	32	25.33	24.57	24.45	25.65
GCT	33	25.24	24.68	24.48	25.60
GCT	34	25.33	24.61	24.50	25.57
GCT	35	25.30	24.61	24.48	25.62
GCT	36	25.24	24.67	24.52	25.57
GCT	37	25.32	24.60	24.54	25.54
GCT	38	25.30	24.59	24.52	25.59
GCT	39	25.21	24.69	24.55	25.55
GCT	40	25.26	24.63	24.60	25.52
GCT	41	25.28	24.61	24.58	25.53
GCT	42	25.18	24.73	24.59	25.50
GCT	43	25.23	24.68	24.58	25.50
GCT	44	25.24	24.66	24.56	25.54
GCT	45	25.16	24.76	24.60	25.48
GCT	46	25.25	24.66	24.64	25.45
GCT	47	25.27	24.63	24.62	25.48
GCT	48	25.18	24.73	24.63	25.46
GCT	49	25.24	24.67	24.66	25.43
GCT	50	25.25	24.65	24.63	25.46
GCT	51	25.18	24.75	24.65	25.42
GCT	52	25.24	24.70	24.65	25.42
GCT	53	25.24	24.68	24.59	25.49
GCT	54	25.14	24.79	24.63	25.44
GCT	55	25.20	24.72	24.67	25.41
GCT	56	25.21	24.71	24.64	25.44
GCT	57	25.16	24.78	24.66	25.40
GCT	58	25.23	24.71	24.68	25.39
GCT	59	25.23	24.69	24.67	25.42
GCT	60	25.15	24.80	24.69	25.36
GCT	61	25.21	24.74	24.71	25.34
GCT	62	25.21	24.73	24.67	25.39
GCT	63	25.14	24.81	24.68	25.37
GCT	64	25.21	24.75	24.70	25.34
GCT	65	25.23	24.71	24.68	25.38
GCT	66	25.17	24.80	24.71	25.32
GCT	67	25.21	24.74	24.73	25.31
GCT	68	25.22	24.73	24.70	25.35
GCT	69	25.16	24.79	24.74	25.31
GCT	70	25.22	24.73	24.76	25.29
GCT	71	25.22	24.72	24.72	25.33
GCT	72	25.15	24.82	24.73	25.30
GCT	73	25.22	24.76	24.74	25.28
GCT	74	25.22	24.73	24.72	25.33
GCT	75	25.16	24.81	24.76	25.28
GCT	76	25.23	24.75	24.75	25.27
GCT	77	25.24	24.71	24.75	25.29
GCT	78	25.18	24.80	24.77	25.24
GCT	79	25.24	24.73	24.81	25.22
GCT	80	25.24	24.73	24.78	25.26
GCT	81	25.21	24.80	24.78	25.22
GCT	82	25.24	24.75	24.78	25.23
GCT	83	25.24	24.73	24.75	25.28
GCT	84	25.16	24.83	24.76	25.25
GCT	85	25.25	24.77	24.76	25.22
GCT	86	25.26	24.74	24.74	25.27
GCT	87	25.21	24.79	24.77	25.23
GCT	88	25.26	24.73	24.79	25.21
GCT	89	25.27	24.72	24.79	25.22
GCT	90	25.22	24.79	24.80	25.19
GCT	91	25.26	24.75	24.82	25.17
GCT	92	25.27	24.75	24.79	25.20
GCT	93	25.22	24.81	24.78	25.19
GCT	94	25.27	24.76	24.80	25.16
GCT	95	25.28	24.74	24.78	25.19
GCT	96	25.25	24.79	24.80	25.16
GCT	97	25.33	24.71	24.82	25.14
GCT	98	25.35	24.69	24.81	25.15
GCT	99	25.30	24.74	24.85	25.11
GCT	100	25.35	24.70	24.87	25.09
GCT	101	25.37	24.69	24.88	25.05
# ACGT content per cycle for first fragments. Use `grep ^FBC | cut -f 2-` to extract this part. The columns are: cycle; A,C,G,T base counts as a percentage of all A/C/G/T bases [%]; and N and O counts as a percentage of all A/C/G/T bases [%]
FBC	1	25.20	24.55	24.32	25.93	0.06	0.00
FBC	2	25.50	24.52	24.18	25.80	0.00	0.00
FBC	3	25.75	24.47	24.09	25.69	0.01	0.00
FBC	4	25.60	24.70	24.19	25.51	0.00	0.00
FBC	5	25.44	24.80	24.29	25.47	0.00	0.00
FBC	6	25.11	25.05	24.67	25.16	0.00	0.00
FBC	7	25.65	24.61	24.21	25.53	0.00	0.00
FBC	8	25.74	24.50	24.15	25.61	0.00	0.00
FBC	9	25.67	24.61	24.24	25.48	0.00	0.00
FBC	10	25.78	24.51	24.06	25.65	0.00	0.00
FBC	11	25.78	24.54	24.07	25.62	0.00	0.00
FBC	12	25.76	24.55	24.12	25.57	0.00	0.00
FBC	13	25.83	24.49	24.04	25.64	0.02	0.00
FBC	14	25.82	24.52	24.05	25.62	0.00	0.00
FBC	15	25.76	24.58	24.12	25.54	0.00	0.00
FBC	16	25.76	24.59	24.10	25.55	0.00	0.00
FBC	17	25.73	24.63	24.13	25.51	0.00	0.00
FBC	18	25.68	24.69	24.19	25.45	0.00	0.00
FBC	19	25.68	24.68	24.17	25.47	0.00	0.00
FBC	20	25.67	24.71	24.17	25.45	0.00	0.00
FBC	21	25.58	24.78	24.25	25.39	0.00	0.00
FBC	22	25.59	24.76	24.21	25.43	0.01	0.00
FBC	23	25.60	24.76	24.19	25.44	0.00	0.00
FBC	24	25.54	24.82	24.25	25.39	0.00	0.00
FBC	25	25.56	24.80	24.20	25.43	0.00	0.00
FBC	26	25.56	24.82	24.20	25.42	0.00	0.00
FBC	27	25.48	24.88	24.26	25.37	0.00	0.00
FBC	28	25.51	24.86	24.22	25.41	0.00	0.00
FBC	29	25.50	24.88	24.23	25.40	0.00	0.00
FBC	30	25.45	24.93	24.27	25.35	0.00	0.00
FBC	31	25.46	24.93	24.23	25.37	0.00	0.00
FBC	32	25.48	24.92	24.23	25.37	0.00	0.00
FBC	33	25.42	24.96	24.28	25.34	0.00	0.00
FBC	34	25.45	24.95	24.23	25.38	0.00	0.00
FBC	35	25.44	24.96	24.24	25.37	0.00	0.00
FBC	36	25.41	24.99	24.27	25.33	0.00	0.00
FBC	37	25.42	24.98	24.23	25.37	0.00	0.00
FBC	38	25.42	24.98	24.23	25.37	0.01	0.00
FBC	39	25.38	25.03	24.27	25.32	0.03	0.00
FBC	40	25.39	25.03	24.25	25.33	0.00	0.00
FBC	41	25.37	25.04	24.26	25.33	0.00	0.00
FBC	42	25.34	25.07	24.30	25.29	0.00	0.00
FBC	43	25.36	25.05	24.27	25.32	0.00	0.00
FBC	44	25.36	25.06	24.25	25.33	0.00	0.00
FBC	45	25.31	25.10	24.30	25.28	0.00	0.00
FBC	46	25.34	25.09	24.26	25.31	0.00	0.00
FBC	47	25.35	25.08	24.25	25.32	0.00	0.00
FBC	48	25.30	25.12	24.30	25.28	0.00	0.00
FBC	49	25.32	25.10	24.27	25.31	0.00	0.00
FBC	50	25.33	25.10	24.26	25.30	0.00	0.00
FBC	51	25.28	25.15	24.30	25.27	0.00	0.00
FBC	52	25.31	25.12	24.27	25.30	0.01	0.00
FBC	53	25.34	25.10	24.25	25.32	0.00	0.00
FBC	54	25.29	25.16	24.30	25.26	0.00	0.00
FBC	55	25.29	25.15	24.28	25.29	0.01	0.00
FBC	56	25.29	25.15	24.27	25.28	0.02	0.00
FBC	57	25.27	25.17	24.30	25.26	0.00	0.00
FBC	58	25.29	25.15	24.27	25.29	0.00	0.00
FBC	59	25.29	25.15	24.27	25.29	0.00	0.00
FBC	60	25.24	25.20	24.31	25.25	0.00	0.00
FBC	61	25.25	25.18	24.30	25.27	0.00	0.00
FBC	62	25.27	25.17	24.28	25.28	0.02	0.00
FBC	63	25.24	25.20	24.31	25.24	0.03	0.00
FBC	64	25.27	25.19	24.27	25.27	0.02	0.00
FBC	65	25.29	25.17	24.26	25.27	0.02	0.00
FBC	66	25.24	25.21	24.32	25.24	0.02	0.00
FBC	67	25.25	25.20	24.30	25.26	0.01	0.00
FBC	68	25.25	25.19	24.29	25.27	0.02	0.00
FBC	69	25.22	25.22	24.32	25.24	0.01	0.00
FBC	70	25.25	25.21	24.29	25.25	0.01	0.00
FBC	71	25.24	25.20	24.28	25.28	0.01	0.00
FBC	72	25.22	25.23	24.33	25.23	0.01	0.00
FBC	73	25.23	25.20	24.30	25.26	0.01	0.00
FBC	74	25.25	25.19	24.29	25.27	0.01	0.00
FBC	75	25.21	25.23	24.33	25.24	0.02	0.00
FBC	76	25.24	25.21	24.29	25.27	0.01	0.00
FBC	77	25.24	25.20	24.29	25.27	0.01	0.00
FBC	78	25.19	25.25	24.32	25.23	0.01	0.00
FBC	79	25.21	25.22	24.30	25.26	0.00	0.00
FBC	80	25.23	25.22	24.30	25.25	0.00	0.00
FBC	81	25.20	25.22	24.33	25.25	0.02	0.00
FBC	82	25.23	25.20	24.30	25.27	0.01	0.00
FBC	83	25.24	25.20	24.29	25.27	0.01	0.00
FBC	84	25.21	25.22	24.34	25.23	0.02	0.00
FBC	85	25.22	25.20	24.30	25.28	0.01	0.00
FBC	86	25.25	25.18	24.29	25.28	0.00	0.00
FBC	87	25.22	25.21	24.32	25.25	0.00	0.00
FBC	88	25.23	25.19	24.30	25.28	0.02	0.00
FBC	89	25.22	25.20	24.31	25.27	0.01	0.00
FBC	90	25.21	25.21	24.34	25.24	0.02	0.00
FBC	91	25.22	25.21	24.31	25.26	0.01	0.00
FBC	92	25.23	25.19	24.32	25.26	0.01	0.00
FBC	93	25.21	25.21	24.33	25.26	0.00	0.00
FBC	94	25.22	25.19	24.32	25.27	0.00	0.00
FBC	95	25.23	25.17	24.32	25.28	0.01	0.00
FBC	96	25.22	25.19	24.34	25.25	0.00	0.00
FBC	97	25.23	25.16	24.30	25.30	0.01	0.00
FBC	98	25.24	25.16	24.29	25.31	0.00	0.00
FBC	99	25.21	25.18	24.33	25.28	0.00	0.00
FBC	100	25.21	25.16	24.33	25.30	0.02	0.00
FBC	101	25.22	25.15	24.32	25.30	0.00	0.00
# ACGT raw counters for first fragments. Use `grep ^FTC | cut -f 2-` to extract this part. The columns are: A,C,G,T,N base counters
FTC	2375614847	2340838154	2271018648	2373064782	572213
# ACGT content per cycle for last fragments. Use `grep ^LBC | cut -f 2-` to extract this part. The columns are: cycle; A,C,G,T base counts as a percentage of all A/C/G/T bases [%]; and N and O counts as a percentage of all A/C/G/T bases [%]
LBC	1	26.13	23.77	24.51	25.59	0.00	0.00
LBC	2	26.48	23.22	23.71	26.59	0.00	0.00
LBC	3	25.34	24.48	24.46	25.73	0.00	0.00
LBC	4	25.48	24.42	24.37	25.73	0.00	0.00
LBC	5	25.90	24.08	24.12	25.90	0.00	0.00
LBC	6	25.41	24.64	24.63	25.32	0.01	0.00
LBC	7	25.74	24.19	24.22	25.84	0.00	0.00
LBC	8	25.98	24.07	23.86	26.09	0.00	0.00
LBC	9	25.76	24.28	24.02	25.94	0.00	0.00
LBC	10	25.90	24.16	23.93	26.01	0.00	0.00
LBC	11	25.91	24.13	23.88	26.08	0.00	0.00
LBC	12	25.83	24.25	23.93	25.99	0.03	0.00
LBC	13	25.90	24.16	23.88	26.05	0.00	0.00
LBC	14	25.91	24.16	23.84	26.08	0.01	0.00
LBC	15	25.77	24.33	23.96	25.93	0.00	0.00
LBC	16	25.77	24.33	23.97	25.92	0.00	0.00
LBC	17	25.77	24.34	23.95	25.94	0.03	0.00
LBC	18	25.66	24.49	24.04	25.82	0.11	0.00
LBC	19	25.68	24.47	24.06	25.79	0.10	0.00
LBC	20	25.69	24.46	24.03	25.81	0.05	0.00
LBC	21	25.57	24.60	24.14	25.69	0.02	0.00
LBC	22	25.60	24.59	24.12	25.69	0.04	0.00
LBC	23	25.63	24.55	24.08	25.74	0.02	0.00
LBC	24	25.52	24.68	24.17	25.64	0.06	0.00
LBC	25	25.58	24.64	24.14	25.65	0.02	0.00
LBC	26	25.60	24.61	24.10	25.69	0.02	0.00
LBC	27	25.49	24.73	24.21	25.57	0.04	0.00
LBC	28	25.54	24.69	24.19	25.58	0.01	0.00
LBC	29	25.56	24.67	24.16	25.61	0.10	0.00
LBC	30	25.46	24.78	24.24	25.52	0.01	0.00
LBC	31	25.50	24.76	24.23	25.51	0.06	0.00
LBC	32	25.53	24.73	24.17	25.57	0.02	0.00
LBC	33	25.43	24.84	24.24	25.48	0.07	0.00
LBC	34	25.47	24.81	24.23	25.50	0.02	0.00
LBC	35	25.49	24.79	24.18	25.54	0.08	0.00
LBC	36	25.41	24.88	24.24	25.47	0.17	0.00
LBC	37	25.44	24.85	24.22	25.49	0.18	0.00
LBC	38	25.47	24.82	24.18	25.52	0.14	0.00
LBC	39	25.38	24.93	24.26	25.43	0.10	0.00
LBC	40	25.39	24.91	24.25	25.44	0.07	0.00
LBC	41	25.43	24.87	24.22	25.49	0.06	0.00
LBC	42	25.34	24.99	24.28	25.39	0.04	0.00
LBC	43	25.37	24.95	24.26	25.42	0.03	0.00
LBC	44	25.40	24.91	24.22	25.47	0.04	0.00
LBC	45	25.31	25.02	24.28	25.39	0.07	0.00
LBC	46	25.35	24.98	24.27	25.40	0.02	0.00
LBC	47	25.38	24.95	24.21	25.46	0.02	0.00
LBC	48	25.31	25.04	24.27	25.38	0.05	0.00
LBC	49	25.33	25.02	24.26	25.39	0.08	0.00
LBC	50	25.36	24.98	24.23	25.44	0.02	0.00
LBC	51	25.28	25.08	24.28	25.37	0.05	0.00
LBC	52	25.32	25.05	24.26	25.38	0.05	0.00
LBC	53	25.36	24.99	24.20	25.45	0.21	0.00
LBC	54	25.26	25.11	24.27	25.36	0.16	0.00
LBC	55	25.28	25.09	24.28	25.36	0.16	0.00
LBC	56	25.32	25.05	24.23	25.40	0.26	0.00
LBC	57	25.24	25.13	24.29	25.34	0.24	0.00
LBC	58	25.28	25.09	24.26	25.36	0.12	0.00
LBC	59	25.30	25.07	24.23	25.40	0.15	0.00
LBC	60	25.21	25.16	24.31	25.32	0.14	0.00
LBC	61	25.25	25.12	24.30	25.33	0.14	0.00
LBC	62	25.29	25.09	24.24	25.38	0.10	0.00
LBC	63	25.21	25.18	24.30	25.31	0.20	0.00
LBC	64	25.25	25.14	24.29	25.33	0.17	0.00
LBC	65	25.28	25.11	24.24	25.37	0.18	0.00
LBC	66	25.20	25.19	24.30	25.30	0.22	0.00
LBC	67	25.23	25.17	24.29	25.31	0.16	0.00
LBC	68	25.26	25.13	24.26	25.36	0.15	0.00
LBC	69	25.20	25.20	24.31	25.29	0.17	0.00
LBC	70	25.22	25.17	24.31	25.30	0.12	0.00
LBC	71	25.24	25.15	24.27	25.34	0.21	0.00
LBC	72	25.17	25.23	24.32	25.29	0.21	0.00
LBC	73	25.21	25.20	24.30	25.30	0.12	0.00
LBC	74	25.24	25.15	24.26	25.34	0.18	0.00
LBC	75	25.16	25.25	24.33	25.26	0.09	0.00
LBC	76	25.20	25.20	24.30	25.29	0.21	0.00
LBC	77	25.23	25.17	24.28	25.33	0.19	0.00
LBC	78	25.16	25.24	24.34	25.26	0.17	0.00
LBC	79	25.19	25.22	24.33	25.26	0.16	0.00
LBC	80	25.21	25.19	24.29	25.30	0.15	0.00
LBC	81	25.16	25.25	24.35	25.24	0.16	0.00
LBC	82	25.20	25.21	24.33	25.26	0.14	0.00
LBC	83	25.22	25.19	24.28	25.30	0.05	0.00
LBC	84	25.15	25.27	24.34	25.24	0.13	0.00
LBC	85	25.19	25.22	24.33	25.27	0.19	0.00
LBC	86	25.22	25.19	24.28	25.31	0.19	0.00
LBC	87	25.16	25.26	24.34	25.25	0.20	0.00
LBC	88	25.19	25.23	24.33	25.25	0.22	0.00
LBC	89	25.20	25.20	24.31	25.29	0.20	0.00
LBC	90	25.15	25.27	24.36	25.22	0.17	0.00
LBC	91	25.17	25.25	24.36	25.22	0.18	0.00
LBC	92	25.18	25.22	24.33	25.26	0.08	0.00
LBC	93	25.15	25.28	24.37	25.21	0.09	0.00
LBC	94	25.17	25.25	24.37	25.21	0.13	0.00
LBC	95	25.20	25.22	24.34	25.25	0.06	0.00
LBC	96	25.14	25.27	24.38	25.20	0.14	0.00
LBC	97	25.19	25.23	24.36	25.22	0.23	0.00
LBC	98	25.21	25.20	24.34	25.25	0.21	0.00
LBC	99	25.15	25.26	24.40	25.19	0.16	0.00
LBC	100	25.17	25.24	24.40	25.19	0.19	0.00
LBC	101	25.14	25.27	24.41	25.18	0.44	0.00
# ACGT raw counters for last fragments. Use `grep ^LTC | cut -f 2-` to extract this part. The columns are: A,C,G,T,N base counters
LTC	2375442122	2327036270	2266016141	2382982126	9631985
# Insert sizes. Use `grep ^IS | cut -f 2-` to extract this part. The columns are: insert size, pairs total, inward oriented pairs, outward oriented pairs, other pairs
IS	0	433	0	8	425
IS	1	0	0	0	0
IS	2	72	0	66	6
IS	3	64	0	64	0
IS	4	68	0	67	1
IS	5	93	0	93	0
IS	6	98	0	96	2
IS	7	110	0	107	3
IS	8	80	0	80	0
IS	9	93	0	89	4
IS	10	93	0	93	0
IS	11	84	0	84	0
IS	12	99	0	99	0
IS	13	121	0	121	0
IS	14	120	0	117	3
IS	15	88	0	87	1
IS	16	93	0	91	2
IS	17	125	0	124	1
IS	18	130	0	126	4
IS	19	846	328	517	1
IS	20	540	197	342	1
IS	21	321	87	227	7
IS	22	278	64	211	3
IS	23	287	55	225	7
IS	24	260	33	220	7
IS	25	246	41	203	2
IS	26	264	52	204	8
IS	27	268	48	215	5
IS	28	246	41	198	7
IS	29	282	51	217	14
IS	30	280	58	211	11
IS	31	294	55	228	11
IS	32	299	60	226	13
IS	33	267	50	209	8
IS	34	289	56	220	13
IS	35	300	52	233	15
IS	36	337	84	242	11
IS	37	344	59	263	22
IS	38	363	76	278	9
IS	39	342	69	262	11
IS	40	370	86	274	10
IS	41	389	88	283	18
IS	42	398	107	273	18
IS	43	423	116	291	16
IS	44	421	98	304	19
IS	45	384	87	283	14
IS	46	409	116	281	12
IS	47	489	144	322	23
IS	48	551	140	394	17
IS	49	628	197	419	12
IS	50	564	182	375	7
IS	51	693	221	447	25
IS	52	637	179	435	23
IS	53	614	212	385	17
IS	54	770	271	476	23
IS	55	734	217	495	22
IS	56	695	224	446	25
IS	57	746	254	469	23
IS	58	752	255	481	16
IS	59	804	287	500	17
IS	60	800	281	493	26
IS	61	834	319	493	22
IS	62	928	357	550	21
IS	63	996	361	599	36
IS	64	1016	379	611	26
IS	65	1027	388	612	27
IS	66	1095	398	668	29
IS	67	1126	437	671	18
IS	68	1222	455	738	29
IS	69	1294	486	790	18
IS	70	1387	503	861	23
IS	71	1483	536	918	29
IS	72	1551	553	974	24
IS	73	1776	702	1048	26
IS	74	1987	739	1216	32
IS	75	2002	800	1178	24
IS	76	2271	909	1335	27
IS	77	2505	1013	1472	20
IS	78	2822	1093	1707	22
IS	79	3278	1258	1987	33
IS	80	3640	1437	2174	29
IS	81	4186	1519	2634	33
IS	82	4643	1785	2830	28
IS	83	5332	2032	3276	24
IS	84	6422	2464	3918	40
IS	85	7543	2829	4695	19
IS	86	8868	3267	5573	28
IS	87	10128	3707	6392	29
IS	88	12224	4349	7850	25
IS	89	14096	5004	9077	15
IS	90	17094	6047	11021	26
IS	91	19758	6834	12897	27
IS	92	23202	8106	15074	22
IS	93	27638	9506	18108	24
IS	94	31880	10781	21077	22
IS	95	36157	12200	23938	19
IS	96	42282	14365	27882	35
IS	97	49296	16113	33162	21
IS	98	56717	17846	38851	20
IS	99	64774	16982	47769	23
IS	100	74931	2344	72577	10
IS	101	85766	37785	47957	24
IS	102	97172	96877	266	29
IS	103	108472	108309	139	24
IS	104	122729	122601	105	23
IS	105	136472	136375	74	23
IS	106	151779	151709	45	25
IS	107	167727	167670	30	27
IS	108	186264	186211	30	23
IS	109	203192	203152	13	27
IS	110	223087	223034	23	30
IS	111	243120	243076	14	30
IS	112	261956	261922	11	23
IS	113	282770	282741	12	17
IS	114	301952	301916	13	23
IS	115	321987	321952	7	28
IS	116	342938	342896	16	26
IS	117	363341	363317	9	15
IS	118	382972	382944	6	22
IS	119	406238	406201	8	29
IS	120	428810	428776	8	26
IS	121	449798	449777	4	17
IS	122	472757	472726	8	23
IS	123	486129	486108	7	14
IS	124	504768	504727	7	34
IS	125	520878	520860	7	11
IS	126	539603	539583	6	14
IS	127	554303	554280	4	19
IS	128	570355	570338	3	14
IS	129	586308	586280	3	25
IS	130	601497	601476	2	19
IS	131	616770	616743	4	23
IS	132	632521	632492	4	25
IS	133	647704	647683	3	18
IS	134	654855	654843	1	11
IS	135	662114	662090	9	15
IS	136	666003	665976	3	24
IS	137	674914	674890	5	19
IS	138	683721	683694	4	23
IS	139	686084	686065	1	18
IS	140	694418	694391	9	18
IS	141	699611	699590	2	19
IS	142	703594	703568	3	23
IS	143	709888	709869	7	12
IS	144	716624	716607	1	16
IS	145	718490	718470	6	14
IS	146	720530	720511	2	17
IS	147	723965	723948	5	12
IS	148	723035	723019	1	15
IS	149	725157	725128	10	19
IS	150	725014	724999	5	10
IS	151	722361	722344	5	12
IS	152	723830	723812	3	15
IS	153	716842	716822	1	19
IS	154	714767	714746	2	19
IS	155	712353	712339	2	12
IS	156	709016	708990	6	20
IS	157	706024	706005	5	14
IS	158	700706	700678	8	20
IS	159	698779	698761	8	10
IS	160	696102	696082	4	16
IS	161	692527	692508	6	13
IS	162	688066	688046	4	16
IS	163	685250	685230	5	15
IS	164	681260	681235	8	17
IS	165	678047	678028	7	12
IS	166	670964	670944	4	16
IS	167	668686	668671	7	8
IS	168	665300	665279	8	13
IS	169	661635	661619	7	9
IS	170	654484	654467	6	11
IS	171	652447	652431	2	14
IS	172	647713	647696	5	12
IS	173	641575	641556	4	15
IS	174	638074	638062	5	7
IS	175	633918	633905	2	11
IS	176	629095	629079	1	15
IS	177	623599	623587	3	9
IS	178	618677	618664	1	12
IS	179	614638	614629	4	5
IS	180	610354	610341	5	8
IS	181	604061	604051	3	7
IS	182	599369	599355	4	10
IS	183	593462	593459	1	2
IS	184	588497	588487	2	8
IS	185	583828	583815	6	7
IS	186	577324	577308	4	12
IS	187	572950	572938	1	11
IS	188	568263	568251	4	8
IS	189	562465	562449	1	15
IS	190	557226	557216	4	6
IS	191	552481	552469	3	9
IS	192	545718	545705	5	8
IS	193	542622	542617	2	3
IS	194	536486	536480	2	4
IS	195	530943	530937	1	5
IS	196	524347	524334	3	10
IS	197	519958	519942	6	10
IS	198	513843	513830	4	9
IS	199	510376	510363	4	9
IS	200	505946	505932	6	8
IS	201	500136	500132	0	4
IS	202	492334	492324	1	9
IS	203	487148	487139	0	9
IS	204	482556	482553	1	2
IS	205	477137	477126	6	5
IS	206	471331	471322	4	5
IS	207	466822	466807	5	10
IS	208	462112	462101	5	6
IS	209	456605	456593	2	10
IS	210	452273	452262	5	6
IS	211	446744	446736	2	6
IS	212	442048	442038	4	6
IS	213	437495	437484	0	11
IS	214	430062	430049	5	8
IS	215	425683	425674	4	5
IS	216	422573	422556	9	8
IS	217	414777	414771	3	3
IS	218	411055	411046	4	5
IS	219	407790	407782	3	5
IS	220	403255	403244	2	9
IS	221	397116	397108	3	5
IS	222	392552	392544	2	6
IS	223	387118	387112	3	3
IS	224	383857	383850	2	5
IS	225	378121	378116	1	4
IS	226	372906	372901	1	4
IS	227	369913	369903	1	9
IS	228	364104	364096	2	6
IS	229	359905	359900	0	5
IS	230	356139	356135	3	1
IS	231	350504	350497	1	6
IS	232	347382	347371	1	10
IS	233	341591	341577	7	7
IS	234	338275	338267	3	5
IS	235	333697	333697	0	0
IS	236	328085	328078	1	6
IS	237	326057	326052	0	5
IS	238	319972	319962	4	6
IS	239	315857	315850	2	5
IS	240	312420	312411	3	6
IS	241	307642	307638	1	3
IS	242	304761	304753	3	5
IS	243	300467	300463	1	3
IS	244	295268	295261	3	4
IS	245	291134	291132	1	1
IS	246	287667	287660	5	2
IS	247	284665	284659	2	4
IS	248	281002	280994	4	4
IS	249	277436	277425	4	7
IS	250	272923	272919	1	3
IS	251	269335	269329	4	2
IS	252	265863	265856	3	4
IS	253	261670	261663	3	4
IS	254	259658	259657	0	1
IS	255	253958	253955	0	3
IS	256	250427	250425	2	0
IS	257	247946	247943	1	2
IS	258	244497	244491	1	5
IS	259	240894	240887	2	5
IS	260	237868	237868	0	0
IS	261	235620	235616	3	1
IS	262	230284	230278	2	4
IS	263	228645	228643	0	2
IS	264	224607	224605	0	2
IS	265	221444	221442	1	1
IS	266	219158	219152	1	5
IS	267	215633	215630	2	1
IS	268	212274	212269	3	2
IS	269	210130	210128	1	1
IS	270	206080	206077	0	3
IS	271	204450	204448	1	1
IS	272	200253	200249	1	3
IS	273	197532	197527	2	3
IS	274	195038	195035	1	2
IS	275	192350	192342	2	6
IS	276	188727	188726	1	0
IS	277	186050	186046	1	3
IS	278	183481	183476	3	2
IS	279	180432	180429	2	1
IS	280	177569	177567	2	0
IS	281	175864	175861	0	3
IS	282	173384	173378	3	3
IS	283	170536	170531	2	3
IS	284	167854	167851	2	1
IS	285	165929	165928	1	0
IS	286	162895	162889	4	2
IS	287	160198	160195	2	1
IS	288	158197	158196	1	0
IS	289	155602	155601	1	0
IS	290	153662	153661	0	1
IS	291	150894	150889	4	1
IS	292	148350	148348	1	1
IS	293	145970	145968	0	2
IS	294	144363	144361	1	1
IS	295	141636	141633	0	3
IS	296	139769	139766	2	1
IS	297	137514	137512	0	2
IS	298	135033	135030	2	1
IS	299	133338	133336	1	1
IS	300	132134	132130	2	2
IS	301	128887	128885	0	2
IS	302	127161	127154	0	7
IS	303	124645	124643	0	2
IS	304	122851	122847	1	3
IS	305	121352	121350	1	1
IS	306	120386	120383	0	3
IS	307	117212	117209	2	1
IS	308	115473	115470	2	1
IS	309	113815	113813	1	1
IS	310	111439	111435	4	0
IS	311	110345	110342	0	3
IS	312	108708	108708	0	0
IS	313	106567	106562	3	2
IS	314	105213	105209	2	2
IS	315	103159	103156	1	2
IS	316	101774	101772	1	1
IS	317	100079	100078	1	0
IS	318	99139	99137	0	2
IS	319	96933	96931	2	0
IS	320	94971	94969	2	0
IS	321	93052	93051	1	0
IS	322	91833	91828	3	2
IS	323	91270	91266	2	2
IS	324	89861	89859	2	0
IS	325	88026	88024	2	0
IS	326	86041	86038	1	2
IS	327	84735	84732	2	1
IS	328	83397	83394	2	1
IS	329	82422	82420	2	0
IS	330	80912	80908	3	1
IS	331	79127	79124	2	1
IS	332	78460	78458	1	1
IS	333	76838	76836	2	0
IS	334	76043	76038	4	1
IS	335	75138	75136	1	1
IS	336	73342	73337	4	1
IS	337	71704	71704	0	0
IS	338	71227	71226	1	0
IS	339	69531	69529	1	1
IS	340	68388	68386	2	0
IS	341	67033	67029	2	2
IS	342	65901	65897	3	1
IS	343	64996	64994	1	1
IS	344	63960	63956	0	4
IS	345	63142	63141	0	1
IS	346	61896	61893	3	0
IS	347	60820	60817	3	0
IS	348	59783	59780	2	1
IS	349	58744	58743	1	0
IS	350	58032	58031	1	0
IS	351	56249	56247	2	0
IS	352	55617	55616	1	0
IS	353	55099	55096	1	2
IS	354	54443	54441	0	2
IS	355	53071	53070	1	0
IS	356	51716	51716	0	0
IS	357	51536	51535	0	1
IS	358	50357	50356	1	0
IS	359	49577	49573	2	2
IS	360	48763	48760	1	2
IS	361	47973	47971	1	1
IS	362	47312	47306	3	3
IS	363	45740	45737	1	2
IS	364	45186	45185	1	0
IS	365	44739	44734	2	3
IS	366	43287	43284	2	1
IS	367	43458	43456	1	1
IS	368	42267	42265	0	2
IS	369	41462	41459	3	0
IS	370	40214	40213	1	0
IS	371	39963	39960	3	0
IS	372	39344	39340	3	1
IS	373	38707	38705	1	1
IS	374	38157	38156	0	1
IS	375	37417	37416	1	0
IS	376	36696	36693	3	0
IS	377	35980	35980	0	0
IS	378	35386	35385	0	1
IS	379	34769	34768	1	0
IS	380	34046	34042	3	1
IS	381	33278	33278	0	0
IS	382	33018	33012	3	3
IS	383	31787	31785	2	0
IS	384	31799	31799	0	0
IS	385	30879	30878	1	0
IS	386	30452	30446	4	2
IS	387	29976	29976	0	0
IS	388	29467	29465	2	0
IS	389	29053	29048	3	2
IS	390	28302	28297	4	1
IS	391	27979	27975	4	0
IS	392	27618	27615	3	0
IS	393	26713	26709	1	3
IS	394	26354	26354	0	0
IS	395	26120	26119	1	0
IS	396	25628	25626	2	0
IS	397	25310	25307	3	0
IS	398	24885	24883	1	1
IS	399	24198	24196	1	1
IS	400	23923	23920	1	2
IS	401	23429	23429	0	0
IS	402	22511	22508	2	1
IS	403	22249	22244	2	3
IS	404	22172	22170	2	0
IS	405	21689	21686	3	0
IS	406	21363	21363	0	0
IS	407	21029	21028	1	0
IS	408	20383	20381	1	1
IS	409	19919	19916	3	0
IS	410	19720	19716	3	1
IS	411	19389	19388	1	0
IS	412	18931	18931	0	0
IS	413	18545	18543	1	1
IS	414	18370	18368	2	0
IS	415	17961	17958	3	0
IS	416	17357	17351	3	3
IS	417	17095	17090	2	3
IS	418	16996	16994	0	2
IS	419	16588	16585	2	1
IS	420	16045	16042	3	0
# Read lengths. Use `grep ^RL | cut -f 2-` to extract this part. The columns are: read length, count
RL	101	185368488
# Read lengths - first fragments. Use `grep ^FRL | cut -f 2-` to extract this part. The columns are: read length, count
FRL	101	92684244
# Read lengths - last fragments. Use `grep ^LRL | cut -f 2-` to extract this part. The columns are: read length, count
LRL	101	92684244
# Mapping qualities for reads !(UNMAP|SECOND|SUPPL|QCFAIL|DUP). Use `grep ^MAPQ | cut -f 2-` to extract this part. The columns are: mapq, count
MAPQ	0	13769146
MAPQ	1	20074
MAPQ	2	11474
MAPQ	3	35656
MAPQ	4	14156
MAPQ	5	12606
MAPQ	6	19946
MAPQ	7	22126
MAPQ	8	13508
MAPQ	9	37436
MAPQ	10	21984
MAPQ	11	8973
MAPQ	12	16521
MAPQ	13	17046
MAPQ	14	8635
MAPQ	15	30796
MAPQ	16	12331
MAPQ	17	11451
MAPQ	18	18751
MAPQ	19	20466
MAPQ	20	26753
MAPQ	21	42925
MAPQ	22	39679
MAPQ	23	36489
MAPQ	24	63337
MAPQ	25	123144
MAPQ	26	4859
MAPQ	27	397318
MAPQ	28	8124
MAPQ	29	6259
MAPQ	30	18446
MAPQ	31	13825
MAPQ	32	4895
MAPQ	33	31018
MAPQ	34	6991
MAPQ	35	6310
MAPQ	36	15462
MAPQ	37	14956
MAPQ	38	11043
MAPQ	39	38493
MAPQ	40	585140
MAPQ	41	14719
MAPQ	42	32825
MAPQ	43	29380
MAPQ	44	24949
MAPQ	45	68617
MAPQ	46	36098
MAPQ	47	71909
MAPQ	48	96691
MAPQ	49	72892
MAPQ	50	391056
MAPQ	51	28633
MAPQ	52	49429
MAPQ	53	19482
MAPQ	54	25861
MAPQ	55	59995
MAPQ	56	12503
MAPQ	57	51267
MAPQ	58	11271
MAPQ	59	17696
MAPQ	60	168263271
# Indel distribution. Use `grep ^ID | cut -f 2-` to extract this part. The columns are: length, number of insertions, number of deletions
ID	1	384798	606998
ID	2	106521	172894
ID	3	62291	83128
ID	4	56729	74249
ID	5	38394	27159
ID	6	19098	28129
ID	7	5056	5851
ID	8	9643	13954
ID	9	5120	6238
ID	10	6956	9248
ID	11	1683	2453
ID	12	3865	7078
ID	13	1299	2132
ID	14	1800	3517
ID	15	1825	3967
ID	16	1189	2936
ID	17	239	827
ID	18	594	2190
ID	19	222	839
ID	20	423	1672
ID	21	381	789
ID	22	213	837
ID	23	213	322
ID	24	83	798
ID	25	30	231
ID	26	62	270
ID	27	36	304
ID	28	14	148
ID	29	3	100
ID	30	1	233
ID	31	0	20
ID	32	0	58
ID	33	0	25
ID	34	0	52
ID	35	0	55
ID	36	0	49
ID	37	0	16
ID	38	0	13
ID	39	0	1
ID	40	0	19
ID	41	0	3
ID	42	0	5
ID	43	0	1
ID	44	0	2
ID	45	0	1
# Indels per cycle. Use `grep ^IC | cut -f 2-` to extract this part. The columns are: cycle, number of insertions (fwd), .. (rev) , number of deletions (fwd), .. (rev)
IC	1	2	9	4	1
IC	2	1	0	4	2
IC	3	0	0	1562	2520
IC	4	1352	2047	1910	3193
IC	5	1828	2679	2274	3552
IC	6	2084	2829	2547	3946
IC	7	2245	2919	2909	4506
IC	8	2520	2974	3373	5154
IC	9	2762	3458	3665	5338
IC	10	2859	3458	3900	5426
IC	11	3188	3567	4077	5308
IC	12	3246	3702	4227	5462
IC	13	3461	3847	4386	5745
IC	14	3645	3813	4393	5727
IC	15	3789	4080	4712	5875
IC	16	3802	4109	4796	5927
IC	17	3864	4209	5031	6142
IC	18	4007	4152	5273	6444
IC	19	3962	4269	5442	6611
IC	20	4199	4346	5537	6629
IC	21	4273	4380	5838	6770
IC	22	4302	4337	5892	6952
IC	23	4468	4380	6289	6857
IC	24	4299	4379	6763	6836
IC	25	4275	4519	6587	6847
IC	26	4509	4475	6930	6922
IC	27	4540	4608	7006	6917
IC	28	4469	4581	6872	6828
IC	29	4428	4520	6847	7016
IC	30	4530	4634	6897	6841
IC	31	4590	4597	6906	6525
IC	32	4493	4569	6946	6509
IC	33	4544	4553	6858	6610
IC	34	4528	4480	6663	6431
IC	35	4518	4439	6947	6656
IC	36	4587	4536	6773	6519
IC	37	4592	4575	6570	6429
IC	38	4458	4562	6585	6378
IC	39	4474	4329	6641	6254
IC	40	4585	4428	6471	6305
IC	41	4478	4442	6596	6339
IC	42	4593	4478	6502	6360
IC	43	4526	4244	6501	6343
IC	44	4319	4463	6446	6353
IC	45	4667	4315	6695	6353
IC	46	4428	4329	6618	6334
IC	47	4626	4268	6641	6446
IC	48	4431	4117	6807	6190
IC	49	4397	4294	6646	6165
IC	50	4452	4137	6712	6305
IC	51	4310	4160	6583	6120
IC	52	4359	4318	6350	6179
IC	53	4378	4157	6467	6069
IC	54	4411	4105	6330	5923
IC	55	4367	3976	6411	5802
IC	56	4381	4178	6250	5856
IC	57	4362	4155	6413	5857
IC	58	4396	4007	6232	5838
IC	59	4229	4002	6261	5851
IC	60	4168	4092	6289	5705
IC	61	4227	3909	6255	5749
IC	62	4121	4088	6107	5814
IC	63	4093	3907	6133	5885
IC	64	4185	3906	6225	5703
IC	65	4068	4034	5992	5715
IC	66	4059	3838	6011	5655
IC	67	4058	3979	6017	5661
IC	68	4048	3806	6188	5630
IC	69	3841	3821	5784	5602
IC	70	3881	3831	5843	5508
IC	71	3836	3642	5786	5472
IC	72	3887	3669	5777	5480
IC	73	3820	3642	5645	5461
IC	74	3673	3662	5733	5222
IC	75	3694	3614	5550	5284
IC	76	3602	3496	5641	5383
IC	77	3534	3487	5494	5251
IC	78	3571	3433	5526	5310
IC	79	3408	3300	5416	5176
IC	80	3434	3250	5403	5026
IC	81	3326	3293	5282	4946
IC	82	3287	3150	5319	4876
IC	83	3136	3161	5040	4734
IC	84	3004	3014	4892	4638
IC	85	3015	3015	5003	4521
IC	86	2934	2839	4775	4467
IC	87	2816	2815	4738	4362
IC	88	2839	2625	4527	4167
IC	89	2712	2454	4435	3899
IC	90	2664	2467	4333	3854
IC	91	2478	2297	4190	3767
IC	92	2287	2280	4200	3682
IC	93	2143	2171	4113	3570
IC	94	2013	2010	3413	2998
IC	95	1797	1977	3655	3215
IC	96	1863	2003	3629	3322
IC	97	1760	1911	3701	3472
IC	98	2272	2453	3738	3465
IC	99	2	3	5	2
IC	100	0	0	2	0
# Coverage distribution. Use `grep ^COV | cut -f 2-` to extract this part.
COV	[1-1]	1	517823553
COV	[2-2]	2	311980097
COV	[3-3]	3	132173374
COV	[4-4]	4	84964645
COV	[5-5]	5	44262535
COV	[6-6]	6	29200525
COV	[7-7]	7	17919937
COV	[8-8]	8	12522783
COV	[9-9]	9	8781835
COV	[10-10]	10	6641185
COV	[11-11]	11	5155589
COV	[12-12]	12	4186237
COV	[13-13]	13	3485193
COV	[14-14]	14	2995039
COV	[15-15]	15	2622804
COV	[16-16]	16	2339645
COV	[17-17]	17	2118821
COV	[18-18]	18	1942608
COV	[19-19]	19	1793627
COV	[20-20]	20	1663756
COV	[21-21]	21	1558539
COV	[22-22]	22	1465998
COV	[23-23]	23	1388681
COV	[24-24]	24	1319332
COV	[25-25]	25	1259320
COV	[26-26]	26	1202018
COV	[27-27]	27	1153712
COV	[28-28]	28	1108800
COV	[29-29]	29	1061910
COV	[30-30]	30	1028857
COV	[31-31]	31	994657
COV	[32-32]	32	959316
COV	[33-33]	33	927504
COV	[34-34]	34	897279
COV	[35-35]	35	871225
COV	[36-36]	36	845717
COV	[37-37]	37	821990
COV	[38-38]	38	801068
COV	[39-39]	39	778766
COV	[40-40]	40	758563
COV	[41-41]	41	740312
COV	[42-42]	42	722253
COV	[43-43]	43	704782
COV	[44-44]	44	688785
COV	[45-45]	45	672658
COV	[46-46]	46	657754
COV	[47-47]	47	645090
COV	[48-48]	48	629839
COV	[49-49]	49	617682
COV	[50-50]	50	606734
COV	[51-51]	51	593545
COV	[52-52]	52	583776
COV	[53-53]	53	572297
COV	[54-54]	54	560478
COV	[55-55]	55	552250
COV	[56-56]	56	541940
COV	[57-57]	57	532885
COV	[58-58]	58	525259
COV	[59-59]	59	517700
COV	[60-60]	60	509666
COV	[61-61]	61	501951
COV	[62-62]	62	495317
COV	[63-63]	63	488172
COV	[64-64]	64	479614
COV	[65-65]	65	472870
COV	[66-66]	66	467332
COV	[67-67]	67	459316
COV	[68-68]	68	452732
COV	[69-69]	69	448989
COV	[70-70]	70	442862
COV	[71-71]	71	437614
COV	[72-72]	72	431623
COV	[73-73]	73	428144
COV	[74-74]	74	422386
COV	[75-75]	75	417503
COV	[76-76]	76	411713
COV	[77-77]	77	407436
COV	[78-78]	78	404503
COV	[79-79]	79	400333
COV	[80-80]	80	395198
COV	[81-81]	81	390943
COV	[82-82]	82	389102
COV	[83-83]	83	382963
COV	[84-84]	84	379305
COV	[85-85]	85	376352
COV	[86-86]	86	372267
COV	[87-87]	87	370775
COV	[88-88]	88	365949
COV	[89-89]	89	362934
COV	[90-90]	90	361243
COV	[91-91]	91	356254
COV	[92-92]	92	353906
COV	[93-93]	93	350166
COV	[94-94]	94	347797
COV	[95-95]	95	344863
COV	[96-96]	96	342478
COV	[97-97]	97	340807
COV	[98-98]	98	337333
COV	[99-99]	99	333824
COV	[100-100]	100	332978
COV	[101-101]	101	329681
COV	[102-102]	102	326835
COV	[103-103]	103	324833
COV	[104-104]	104	321825
COV	[105-105]	105	319555
COV	[106-106]	106	316621
COV	[107-107]	107	314900
COV	[108-108]	108	312949
COV	[109-109]	109	310363
COV	[110-110]	110	308844
COV	[111-111]	111	306532
COV	[112-112]	112	305010
COV	[113-113]	113	303021
COV	[114-114]	114	299591
COV	[115-115]	115	298350
COV	[116-116]	116	296208
COV	[117-117]	117	295997
COV	[118-118]	118	294020
COV	[119-119]	119	292383
COV	[120-120]	120	291154
COV	[121-121]	121	288830
COV	[122-122]	122	286754
COV	[123-123]	123	284453
COV	[124-124]	124	283786
COV	[125-125]	125	281032
COV	[126-126]	126	278896
COV	[127-127]	127	278493
COV	[128-128]	128	276067
COV	[129-129]	129	274435
COV	[130-130]	130	273923
COV	[131-131]	131	271264
COV	[132-132]	132	270619
COV	[133-133]	133	267842
COV	[134-134]	134	265749
COV	[135-135]	135	264245
COV	[136-136]	136	263626
COV	[137-137]	137	260450
COV	[138-138]	138	260610
COV	[139-139]	139	258320
COV	[140-140]	140	257543
COV	[141-141]	141	256554
COV	[142-142]	142	253704
COV	[143-143]	143	253570
COV	[144-144]	144	251255
COV	[145-145]	145	250384
COV	[146-146]	146	249486
COV	[147-147]	147	247890
COV	[148-148]	148	246472
COV	[149-149]	149	244653
COV	[150-150]	150	244565
COV	[151-151]	151	241642
COV	[152-152]	152	240446
COV	[153-153]	153	239036
COV	[154-154]	154	237487
COV	[155-155]	155	236982
COV	[156-156]	156	235604
COV	[157-157]	157	234733
COV	[158-158]	158	233737
COV	[159-159]	159	232296
COV	[160-160]	160	231210
COV	[161-161]	161	229625
COV	[162-162]	162	228157
COV	[163-163]	163	227809
COV	[164-164]	164	225242
COV	[165-165]	165	223235
COV	[166-166]	166	223869
COV	[167-167]	167	221275
COV	[168-168]	168	219773
COV	[169-169]	169	219494
COV	[170-170]	170	219066
COV	[171-171]	171	217751
COV	[172-172]	172	215724
COV	[173-173]	173	215271
COV	[174-174]	174	213125
COV	[175-175]	175	212958
COV	[176-176]	176	211130
COV	[177-177]	177	209623
COV	[178-178]	178	209853
COV	[179-179]	179	208002
COV	[180-180]	180	206726
COV	[181-181]	181	205866
COV	[182-182]	182	204768
COV	[183-183]	183	203684
COV	[184-184]	184	203453
COV	[185-185]	185	201804
COV	[186-186]	186	199952
COV	[187-187]	187	199457
COV	[188-188]	188	199002
COV	[189-189]	189	197831
COV	[190-190]	190	197010
COV	[191-191]	191	195230
COV	[192-192]	192	195017
COV	[193-193]	193	192554
COV	[194-194]	194	191406
COV	[195-195]	195	191671
COV	[196-196]	196	190995
COV	[197-197]	197	188866
COV	[198-198]	198	188419
COV	[199-199]	199	187757
COV	[200-200]	200	186482
COV	[201-201]	201	184742
COV	[202-202]	202	183552
COV	[203-203]	203	182508
COV	[204-204]	204	182659
COV	[205-205]	205	181506
COV	[206-206]	206	179792
COV	[207-207]	207	178900
COV	[208-208]	208	178672
COV	[209-209]	209	177434
COV	[210-210]	210	175362
COV	[211-211]	211	175163
COV	[212-212]	212	173403
COV	[213-213]	213	172594
COV	[214-214]	214	171548
COV	[215-215]	215	170042
COV	[216-216]	216	170514
COV	[217-217]	217	169153
COV	[218-218]	218	168688
COV	[219-219]	219	167503
COV	[220-220]	220	166744
COV	[221-221]	221	166593
COV	[222-222]	222	165261
COV	[223-223]	223	163181
COV	[224-224]	224	162085
COV	[225-225]	225	162666
COV	[226-226]	226	161230
COV	[227-227]	227	159178
COV	[228-228]	228	159350
COV	[229-229]	229	157895
COV	[230-230]	230	157362
COV	[231-231]	231	156221
COV	[232-232]	232	155650
COV	[233-233]	233	155353
COV	[234-234]	234	153920
COV	[235-235]	235	152877
COV	[236-236]	236	151708
COV	[237-237]	237	150796
COV	[238-238]	238	150640
COV	[239-239]	239	149472
COV	[240-240]	240	148223
COV	[241-241]	241	147401
COV	[242-242]	242	146922
COV	[243-243]	243	146854
COV	[244-244]	244	145951
COV	[245-245]	245	145141
COV	[246-246]	246	143503
COV	[247-247]	247	142738
COV	[248-248]	248	142217
COV	[249-249]	249	141341
COV	[250-250]	250	140303
COV	[251-251]	251	139672
COV	[252-252]	252	138384
COV	[253-253]	253	137583
COV	[254-254]	254	136763
COV	[255-255]	255	136396
COV	[256-256]	256	135633
COV	[257-257]	257	133881
COV	[258-258]	258	133549
COV	[259-259]	259	132745
COV	[260-260]	260	132388
COV	[261-261]	261	131348
COV	[262-262]	262	130776
COV	[263-263]	263	128785
COV	[264-264]	264	128702
COV	[265-265]	265	128006
COV	[266-266]	266	126946
COV	[267-267]	267	126078
COV	[268-268]	268	124818
COV	[269-269]	269	124609
COV	[270-270]	270	123560
COV	[271-271]	271	123176
COV	[272-272]	272	121326
COV	[273-273]	273	121822
COV	[274-274]	274	119997
COV	[275-275]	275	119775
COV	[276-276]	276	119229
COV	[277-277]	277	118134
COV	[278-278]	278	117953
COV	[279-279]	279	116736
COV	[280-280]	280	115392
COV	[281-281]	281	114676
COV	[282-282]	282	114689
COV	[283-283]	283	114284
COV	[284-284]	284	113351
COV	[285-285]	285	112841
COV	[286-286]	286	111441
COV	[287-287]	287	111100
COV	[288-288]	288	110126
COV	[289-289]	289	109416
COV	[290-290]	290	108432
COV	[291-291]	291	108026
COV	[292-292]	292	107468
COV	[293-293]	293	106955
COV	[294-294]	294	106753
COV	[295-295]	295	105405
COV	[296-296]	296	105049
COV	[297-297]	297	104588
COV	[298-298]	298	103443
COV	[299-299]	299	102553
COV	[300-300]	300	102453
COV	[301-301]	301	101629
COV	[302-302]	302	100382
COV	[303-303]	303	100210
COV	[304-304]	304	99552
COV	[305-305]	305	98821
COV	[306-306]	306	98046
COV	[307-307]	307	97488
COV	[308-308]	308	97102
COV	[309-309]	309	96650
COV	[310-310]	310	95817
COV	[311-311]	311	94989
COV	[312-312]	312	93857
COV	[313-313]	313	93693
COV	[314-314]	314	92519
COV	[315-315]	315	92826
COV	[316-316]	316	92042
COV	[317-317]	317	91590
COV	[318-318]	318	90343
COV	[319-319]	319	89984
COV	[320-320]	320	89632
COV	[321-321]	321	88956
COV	[322-322]	322	87996
COV	[323-323]	323	87253
COV	[324-324]	324	86549
COV	[325-325]	325	86618
COV	[326-326]	326	86165
COV	[327-327]	327	85818
COV	[328-328]	328	84804
COV	[329-329]	329	84402
COV	[330-330]	330	83898
COV	[331-331]	331	83981
COV	[332-332]	332	82829
COV	[333-333]	333	82639
COV	[334-334]	334	81484
COV	[335-335]	335	81050
COV	[336-336]	336	81073
COV	[337-337]	337	79689
COV	[338-338]	338	79838
COV	[339-339]	339	79101
COV	[340-340]	340	77880
COV	[341-341]	341	77727
COV	[342-342]	342	76739
COV	[343-343]	343	76867
COV	[344-344]	344	75914
COV	[345-345]	345	75322
COV	[346-346]	346	74984
COV	[347-347]	347	74164
COV	[348-348]	348	73550
COV	[349-349]	349	73031
COV	[350-350]	350	72802
COV	[351-351]	351	71826
COV	[352-352]	352	71456
COV	[353-353]	353	71039
COV	[354-354]	354	70851
COV	[355-355]	355	70088
COV	[356-356]	356	69900
COV	[357-357]	357	69334
COV	[358-358]	358	68654
COV	[359-359]	359	68002
COV	[360-360]	360	67052
COV	[361-361]	361	67146
COV	[362-362]	362	66800
COV	[363-363]	363	65852
COV	[364-364]	364	65682
COV	[365-365]	365	65138
COV	[366-366]	366	64821
COV	[367-367]	367	63748
COV	[368-368]	368	63523
COV	[369-369]	369	63015
COV	[370-370]	370	63007
COV	[371-371]	371	62604
COV	[372-372]	372	62219
COV	[373-373]	373	61584
COV	[374-374]	374	61207
COV	[375-375]	375	60990
COV	[376-376]	376	59858
COV	[377-377]	377	60146
COV	[378-378]	378	59299
COV	[379-379]	379	59376
COV	[380-380]	380	58649
COV	[381-381]	381	58141
COV	[382-382]	382	58210
COV	[383-383]	383	57765
COV	[384-384]	384	56924
COV	[385-385]	385	56922
COV	[386-386]	386	56670
COV	[387-387]	387	56583
COV	[388-388]	388	55761
COV	[389-389]	389	54844
COV	[390-390]	390	54688
COV	[391-391]	391	54547
COV	[392-392]	392	53697
COV	[393-393]	393	53458
COV	[394-394]	394	53117
COV	[395-395]	395	53052
COV	[396-396]	396	52357
COV	[397-397]	397	51835
COV	[398-398]	398	51862
COV	[399-399]	399	51422
COV	[400-400]	400	50715
COV	[401-401]	401	50631
COV	[402-402]	402	50109
COV	[403-403]	403	49293
COV	[404-404]	404	49643
COV	[405-405]	405	48796
COV	[406-406]	406	48769
COV	[407-407]	407	48332
COV	[408-408]	408	47729
COV	[409-409]	409	47845
COV	[410-410]	410	47265
COV	[411-411]	411	46853
COV	[412-412]	412	46382
COV	[413-413]	413	46014
COV	[414-414]	414	45567
COV	[415-415]	415	45102
COV	[416-416]	416	45244
COV	[417-417]	417	44279
COV	[418-418]	418	43895
COV	[419-419]	419	43795
COV	[420-420]	420	43247
COV	[421-421]	421	43246
COV	[422-422]	422	42569
COV	[423-423]	423	42597
COV	[424-424]	424	42273
COV	[425-425]	425	42038
COV	[426-426]	426	41762
COV	[427-427]	427	41532
COV	[428-428]	428	40949
COV	[429-429]	429	40590
COV	[430-430]	430	40483
COV	[431-431]	431	40316
COV	[432-432]	432	40009
COV	[433-433]	433	39592
COV	[434-434]	434	39842
COV	[435-435]	435	39485
COV	[436-436]	436	38959
COV	[437-437]	437	38382
COV	[438-438]	438	38082
COV	[439-439]	439	38201
COV	[440-440]	440	37193
COV	[441-441]	441	36992
COV	[442-442]	442	36950
COV	[443-443]	443	36374
COV	[444-444]	444	36489
COV	[445-445]	445	35958
COV	[446-446]	446	35706
COV	[447-447]	447	35387
COV	[448-448]	448	35010
COV	[449-449]	449	34921
COV	[450-450]	450	34141
COV	[451-451]	451	34212
COV	[452-452]	452	33927
COV	[453-453]	453	33455
COV	[454-454]	454	33443
COV	[455-455]	455	33176
COV	[456-456]	456	33169
COV	[457-457]	457	32696
COV	[458-458]	458	32408
COV	[459-459]	459	32209
COV	[460-460]	460	31793
COV	[461-461]	461	31421
COV	[462-462]	462	31447
COV	[463-463]	463	31396
COV	[464-464]	464	30804
COV	[465-465]	465	31005
COV	[466-466]	466	30354
COV	[467-467]	467	30379
COV	[468-468]	468	30365
COV	[469-469]	469	30376
COV	[470-470]	470	29463
COV	[471-471]	471	29509
COV	[472-472]	472	29074
COV	[473-473]	473	28974
COV	[474-474]	474	28739
COV	[475-475]	475	28907
COV	[476-476]	476	28083
COV	[477-477]	477	28112
COV	[478-478]	478	27540
COV	[479-479]	479	27243
COV	[480-480]	480	27701
COV	[481-481]	481	27303
COV	[482-482]	482	26685
COV	[483-483]	483	26889
COV	[484-484]	484	26697
COV	[485-485]	485	26403
COV	[486-486]	486	26357
COV	[487-487]	487	25941
COV	[488-488]	488	25824
COV	[489-489]	489	25679
COV	[490-490]	490	25448
COV	[491-491]	491	24897
COV	[492-492]	492	25045
COV	[493-493]	493	24247
COV	[494-494]	494	24717
COV	[495-495]	495	24487
COV	[496-496]	496	24046
COV	[497-497]	497	24050
COV	[498-498]	498	23915
COV	[499-499]	499	23901
COV	[500-500]	500	23608
COV	[501-501]	501	23571
COV	[502-502]	502	23405
COV	[503-503]	503	23002
COV	[504-504]	504	22958
COV	[505-505]	505	22997
COV	[506-506]	506	22829
COV	[507-507]	507	22393
COV	[508-508]	508	22300
COV	[509-509]	509	21989
COV	[510-510]	510	22029
COV	[511-511]	511	21792
COV	[512-512]	512	21572
COV	[513-513]	513	21387
COV	[514-514]	514	21605
COV	[515-515]	515	20831
COV	[516-516]	516	20769
COV	[517-517]	517	20825
COV	[518-518]	518	20376
COV	[519-519]	519	20212
COV	[520-520]	520	20057
COV	[521-521]	521	19645
COV	[522-522]	522	19468
COV	[523-523]	523	19484
COV	[524-524]	524	19498
COV	[525-525]	525	18974
COV	[526-526]	526	19378
COV	[527-527]	527	18979
COV	[528-528]	528	18889
COV	[529-529]	529	18783
COV	[530-530]	530	18723
COV	[531-531]	531	18516
COV	[532-532]	532	18157
COV	[533-533]	533	18299
COV	[534-534]	534	17937
COV	[535-535]	535	17762
COV	[536-536]	536	17462
COV	[537-537]	537	17549
COV	[538-538]	538	17231
COV	[539-539]	539	17088
COV	[540-540]	540	17044
COV	[541-541]	541	17012
COV	[542-542]	542	16756
COV	[543-543]	543	16620
COV	[544-544]	544	16695
COV	[545-545]	545	16465
COV	[546-546]	546	16197
COV	[547-547]	547	15947
COV	[548-548]	548	16054
COV	[549-549]	549	15693
COV	[550-550]	550	15771
COV	[551-551]	551	15671
COV	[552-552]	552	15444
COV	[553-553]	553	15164
COV	[554-554]	554	15176
COV	[555-555]	555	15106
COV	[556-556]	556	15030
COV	[557-557]	557	15062
COV	[558-558]	558	14888
COV	[559-559]	559	14965
COV	[560-560]	560	14614
COV	[561-561]	561	14660
COV	[562-562]	562	14472
COV	[563-563]	563	14354
COV	[564-564]	564	14175
COV	[565-565]	565	14088
COV	[566-566]	566	13935
COV	[567-567]	567	13670
COV	[568-568]	568	13819
COV	[569-569]	569	13582
COV	[570-570]	570	13421
COV	[571-571]	571	13299
COV	[572-572]	572	13572
COV	[573-573]	573	13079
COV	[574-574]	574	12814
COV	[575-575]	575	13082
COV	[576-576]	576	12647
COV	[577-577]	577	12390
COV	[578-578]	578	12305
COV	[579-579]	579	12490
COV	[580-580]	580	12494
COV	[581-581]	581	12245
COV	[582-582]	582	12270
COV	[583-583]	583	12066
COV	[584-584]	584	11874
COV	[585-585]	585	11889
COV	[586-586]	586	11683
COV	[587-587]	587	11830
COV	[588-588]	588	11667
COV	[589-589]	589	11433
COV	[590-590]	590	11393
COV	[591-591]	591	11299
COV	[592-592]	592	11433
COV	[593-593]	593	11289
COV	[594-594]	594	11063
COV	[595-595]	595	11190
COV	[596-596]	596	10825
COV	[597-597]	597	10965
COV	[598-598]	598	10748
COV	[599-599]	599	10792
COV	[600-600]	600	10576
COV	[601-601]	601	10356
COV	[602-602]	602	10383
COV	[603-603]	603	10205
COV	[604-604]	604	10429
COV	[605-605]	605	9987
COV	[606-606]	606	10140
COV	[607-607]	607	9807
COV	[608-608]	608	9703
COV	[609-609]	609	9751
COV	[610-610]	610	9697
COV	[611-611]	611	9549
COV	[612-612]	612	9650
COV	[613-613]	613	9780
COV	[614-614]	614	9521
COV	[615-615]	615	9399
COV	[616-616]	616	9334
COV	[617-617]	617	9216
COV	[618-618]	618	9290
COV	[619-619]	619	9102
COV	[620-620]	620	8854
COV	[621-621]	621	8908
COV	[622-622]	622	8826
COV	[623-623]	623	8714
COV	[624-624]	624	8696
COV	[625-625]	625	8440
COV	[626-626]	626	8395
COV	[627-627]	627	8448
COV	[628-628]	628	8140
COV	[629-629]	629	8209
COV	[630-630]	630	8226
COV	[631-631]	631	7973
COV	[632-632]	632	7838
COV	[633-633]	633	7858
COV	[634-634]	634	7822
COV	[635-635]	635	7597
COV	[636-636]	636	7759
COV	[637-637]	637	7614
COV	[638-638]	638	7537
COV	[639-639]	639	7450
COV	[640-640]	640	7398
COV	[641-641]	641	7309
COV	[642-642]	642	7308
COV	[643-643]	643	7300
COV	[644-644]	644	7227
COV	[645-645]	645	7095
COV	[646-646]	646	6994
COV	[647-647]	647	6960
COV	[648-648]	648	6802
COV	[649-649]	649	6765
COV	[650-650]	650	6794
COV	[651-651]	651	6784
COV	[652-652]	652	6759
COV	[653-653]	653	6788
COV	[654-654]	654	6547
COV	[655-655]	655	6608
COV	[656-656]	656	6493
COV	[657-657]	657	6413
COV	[658-658]	658	6526
COV	[659-659]	659	6519
COV	[660-660]	660	6439
COV	[661-661]	661	6185
COV	[662-662]	662	6344
COV	[663-663]	663	6232
COV	[664-664]	664	6103
COV	[665-665]	665	6097
COV	[666-666]	666	5940
COV	[667-667]	667	5852
COV	[668-668]	668	6074
COV	[669-669]	669	5848
COV	[670-670]	670	5791
COV	[671-671]	671	5751
COV	[672-672]	672	5773
COV	[673-673]	673	5727
COV	[674-674]	674	5655
COV	[675-675]	675	5697
COV	[676-676]	676	5531
COV	[677-677]	677	5511
COV	[678-678]	678	5437
COV	[679-679]	679	5418
COV	[680-680]	680	5438
COV	[681-681]	681	5412
COV	[682-682]	682	5286
COV	[683-683]	683	5278
COV	[684-684]	684	5213
COV	[685-685]	685	5323
COV	[686-686]	686	5152
COV	[687-687]	687	5087
COV	[688-688]	688	5013
COV	[689-689]	689	5020
COV	[690-690]	690	5051
COV	[691-691]	691	4986
COV	[692-692]	692	4930
COV	[693-693]	693	4818
COV	[694-694]	694	4776
COV	[695-695]	695	4691
COV	[696-696]	696	4699
COV	[697-697]	697	4733
COV	[698-698]	698	4643
COV	[699-699]	699	4655
COV	[700-700]	700	4518
COV	[701-701]	701	4597
COV	[702-702]	702	4506
COV	[703-703]	703	4546
COV	[704-704]	704	4377
COV	[705-705]	705	4427
COV	[706-706]	706	4362
COV	[707-707]	707	4376
COV	[708-708]	708	4407
COV	[709-709]	709	4279
COV	[710-710]	710	4174
COV	[711-711]	711	4119
COV	[712-712]	712	4245
COV	[713-713]	713	4063
COV	[714-714]	714	4014
COV	[715-715]	715	3980
COV	[716-716]	716	4222
COV	[717-717]	717	3925
COV	[718-718]	718	3985
COV	[719-719]	719	3975
COV	[720-720]	720	3972
COV	[721-721]	721	3952
COV	[722-722]	722	3938
COV	[723-723]	723	3663
COV	[724-724]	724	3712
COV	[725-725]	725	3653
COV	[726-726]	726	3778
COV	[727-727]	727	3689
COV	[728-728]	728	3634
COV	[729-729]	729	3625
COV	[730-730]	730	3527
COV	[731-731]	731	3522
COV	[732-732]	732	3524
COV	[733-733]	733	3446
COV	[734-734]	734	3548
COV	[735-735]	735	3491
COV	[736-736]	736	3443
COV	[737-737]	737	3397
COV	[738-738]	738	3498
COV	[739-739]	739	3362
COV	[740-740]	740	3468
COV	[741-741]	741	3387
COV	[742-742]	742	3374
COV	[743-743]	743	3323
COV	[744-744]	744	3364
COV	[745-745]	745	3353
COV	[746-746]	746	3336
COV	[747-747]	747	3133
COV	[748-748]	748	3220
COV	[749-749]	749	3325
COV	[750-750]	750	3140
COV	[751-751]	751	3069
COV	[752-752]	752	3026
COV	[753-753]	753	3097
COV	[754-754]	754	3011
COV	[755-755]	755	3107
COV	[756-756]	756	3042
COV	[757-757]	757	2948
COV	[758-758]	758	2953
COV	[759-759]	759	2939
COV	[760-760]	760	2862
COV	[761-761]	761	2883
COV	[762-762]	762	2868
COV	[763-763]	763	2832
COV	[764-764]	764	2791
COV	[765-765]	765	2735
COV	[766-766]	766	2729
COV	[767-767]	767	2820
COV	[768-768]	768	2700
COV	[769-769]	769	2576
COV	[770-770]	770	2596
COV	[771-771]	771	2582
COV	[772-772]	772	2648
COV	[773-773]	773	2622
COV	[774-774]	774	2568
COV	[775-775]	775	2525
COV	[776-776]	776	2637
COV	[777-777]	777	2733
COV	[778-778]	778	2477
COV	[779-779]	779	2420
COV	[780-780]	780	2546
COV	[781-781]	781	2456
COV	[782-782]	782	2427
COV	[783-783]	783	2479
COV	[784-784]	784	2415
COV	[785-785]	785	2437
COV	[786-786]	786	2368
COV	[787-787]	787	2364
COV	[788-788]	788	2370
COV	[789-789]	789	2379
COV	[790-790]	790	2339
COV	[791-791]	791	2281
COV	[792-792]	792	2301
COV	[793-793]	793	2225
COV	[794-794]	794	2242
COV	[795-795]	795	2273
COV	[796-796]	796	2197
COV	[797-797]	797	2149
COV	[798-798]	798	2191
COV	[799-799]	799	2193
COV	[800-800]	800	2180
COV	[801-801]	801	2125
COV	[802-802]	802	2167
COV	[803-803]	803	2046
COV	[804-804]	804	2115
COV	[805-805]	805	2125
COV	[806-806]	806	2024
COV	[807-807]	807	2051
COV	[808-808]	808	2065
COV	[809-809]	809	1936
COV	[810-810]	810	1963
COV	[811-811]	811	1918
COV	[812-812]	812	1923
COV	[813-813]	813	1835
COV	[814-814]	814	1880
COV	[815-815]	815	1880
COV	[816-816]	816	1885
COV	[817-817]	817	1859
COV	[818-818]	818	1854
COV	[819-819]	819	1869
COV	[820-820]	820	1878
COV	[821-821]	821	1786
COV	[822-822]	822	1812
COV	[823-823]	823	1733
COV	[824-824]	824	1753
COV	[825-825]	825	1792
COV	[826-826]	826	1750
COV	[827-827]	827	1665
COV	[828-828]	828	1749
COV	[829-829]	829	1658
COV	[830-830]	830	1774
COV	[831-831]	831	1741
COV	[832-832]	832	1706
COV	[833-833]	833	1708
COV	[834-834]	834	1720
COV	[835-835]	835	1696
COV	[836-836]	836	1645
COV	[837-837]	837	1696
COV	[838-838]	838	1583
COV	[839-839]	839	1606
COV	[840-840]	840	1597
COV	[841-841]	841	1524
COV	[842-842]	842	1522
COV	[843-843]	843	1526
COV	[844-844]	844	1433
COV	[845-845]	845	1541
COV	[846-846]	846	1517
COV	[847-847]	847	1480
COV	[848-848]	848	1574
COV	[849-849]	849	1458
COV	[850-850]	850	1399
COV	[851-851]	851	1533
COV	[852-852]	852	1472
COV	[853-853]	853	1466
COV	[854-854]	854	1405
COV	[855-855]	855	1416
COV	[856-856]	856	1422
COV	[857-857]	857	1377
COV	[858-858]	858	1414
COV	[859-859]	859	1348
COV	[860-860]	860	1397
COV	[861-861]	861	1374
COV	[862-862]	862	1374
COV	[863-863]	863	1338
COV	[864-864]	864	1346
COV	[865-865]	865	1278
COV	[866-866]	866	1371
COV	[867-867]	867	1327
COV	[868-868]	868	1276
COV	[869-869]	869	1312
COV	[870-870]	870	1289
COV	[871-871]	871	1284
COV	[872-872]	872	1335
COV	[873-873]	873	1225
COV	[874-874]	874	1228
COV	[875-875]	875	1222
COV	[876-876]	876	1205
COV	[877-877]	877	1199
COV	[878-878]	878	1173
COV	[879-879]	879	1198
COV	[880-880]	880	1133
COV	[881-881]	881	1218
COV	[882-882]	882	1194
COV	[883-883]	883	1206
COV	[884-884]	884	1157
COV	[885-885]	885	1188
COV	[886-886]	886	1132
COV	[887-887]	887	1166
COV	[888-888]	888	1181
COV	[889-889]	889	1189
COV	[890-890]	890	1187
COV	[891-891]	891	1212
COV	[892-892]	892	1129
COV	[893-893]	893	1124
COV	[894-894]	894	1050
COV	[895-895]	895	1074
COV	[896-896]	896	1122
COV	[897-897]	897	1073
COV	[898-898]	898	1108
COV	[899-899]	899	1112
COV	[900-900]	900	1040
COV	[901-901]	901	1104
COV	[902-902]	902	1095
COV	[903-903]	903	1132
COV	[904-904]	904	1062
COV	[905-905]	905	1024
COV	[906-906]	906	1037
COV	[907-907]	907	1021
COV	[908-908]	908	979
COV	[909-909]	909	1021
COV	[910-910]	910	1060
COV	[911-911]	911	1055
COV	[912-912]	912	955
COV	[913-913]	913	971
COV	[914-914]	914	988
COV	[915-915]	915	924
COV	[916-916]	916	941
COV	[917-917]	917	959
COV	[918-918]	918	938
COV	[919-919]	919	961
COV	[920-920]	920	959
COV	[921-921]	921	869
COV	[922-922]	922	913
COV	[923-923]	923	874
COV	[924-924]	924	870
COV	[925-925]	925	922
COV	[926-926]	926	869
COV	[927-927]	927	864
COV	[928-928]	928	918
COV	[929-929]	929	887
COV	[930-930]	930	855
COV	[931-931]	931	875
COV	[932-932]	932	867
COV	[933-933]	933	877
COV	[934-934]	934	901
COV	[935-935]	935	779
COV	[936-936]	936	797
COV	[937-937]	937	885
COV	[938-938]	938	838
COV	[939-939]	939	828
COV	[940-940]	940	815
COV	[941-941]	941	834
COV	[942-942]	942	761
COV	[943-943]	943	773
COV	[944-944]	944	800
COV	[945-945]	945	755
COV	[946-946]	946	809
COV	[947-947]	947	789
COV	[948-948]	948	745
COV	[949-949]	949	719
COV	[950-950]	950	806
COV	[951-951]	951	754
COV	[952-952]	952	742
COV	[953-953]	953	746
COV	[954-954]	954	712
COV	[955-955]	955	731
COV	[956-956]	956	709
COV	[957-957]	957	712
COV	[958-958]	958	697
COV	[959-959]	959	704
COV	[960-960]	960	715
COV	[961-961]	961	772
COV	[962-962]	962	740
COV	[963-963]	963	657
COV	[964-964]	964	725
COV	[965-965]	965	672
COV	[966-966]	966	636
COV	[967-967]	967	666
COV	[968-968]	968	681
COV	[969-969]	969	652
COV	[970-970]	970	653
COV	[971-971]	971	671
COV	[972-972]	972	662
COV	[973-973]	973	643
COV	[974-974]	974	611
COV	[975-975]	975	645
COV	[976-976]	976	629
COV	[977-977]	977	624
COV	[978-978]	978	623
COV	[979-979]	979	641
COV	[980-980]	980	613
COV	[981-981]	981	639
COV	[982-982]	982	582
COV	[983-983]	983	620
COV	[984-984]	984	627
COV	[985-985]	985	593
COV	[986-986]	986	581
COV	[987-987]	987	599
COV	[988-988]	988	590
COV	[989-989]	989	573
COV	[990-990]	990	608
COV	[991-991]	991	584
COV	[992-992]	992	549
COV	[993-993]	993	574
COV	[994-994]	994	609
COV	[995-995]	995	605
COV	[996-996]	996	585
COV	[997-997]	997	562
COV	[998-998]	998	530
COV	[999-999]	999	525
COV	[1000-1000]	1000	552
COV	[1000<]	1000	93905
# GC-depth. Use `grep ^GCD | cut -f 2-` to extract this part. The columns are: GC%, unique sequence percentiles, 10th, 25th, 50th, 75th and 90th depth percentile
GCD	0.0	0.001	0.000	0.000	0.000	0.000	0.000
GCD	2.9	0.002	0.030	0.030	0.030	0.030	0.030
GCD	12.0	0.003	3.086	3.086	3.086	3.086	3.086
GCD	16.0	0.003	0.894	0.894	0.894	0.894	0.894
GCD	17.0	0.004	0.146	0.146	0.146	0.146	0.146
GCD	18.0	0.005	1.449	1.449	1.449	1.449	1.449
GCD	19.0	0.005	1.263	1.263	1.263	1.263	1.263
GCD	20.0	0.007	0.126	0.126	0.960	0.975	0.975
GCD	22.0	0.008	1.141	1.141	2.500	3.858	3.858
GCD	23.0	0.010	0.884	0.884	1.043	1.202	1.202
GCD	24.0	0.012	0.025	0.120	0.520	1.295	1.515
GCD	25.0	0.018	0.040	0.139	0.667	2.202	18.029
GCD	26.0	0.021	0.015	0.018	0.596	2.674	3.737
GCD	27.0	0.025	0.414	0.490	0.697	2.260	2.434
GCD	28.0	0.029	0.030	0.606	1.182	2.727	4.323
GCD	29.0	0.041	0.404	0.687	1.384	3.141	9.903
GCD	30.0	0.079	0.186	0.602	1.904	3.308	6.076
GCD	31.0	0.179	0.695	1.722	3.525	6.282	9.525
GCD	32.0	0.395	0.220	1.487	3.575	7.542	13.074
GCD	33.0	0.896	0.300	1.422	3.974	9.865	15.629
GCD	34.0	1.791	0.283	0.455	3.485	9.999	17.483
GCD	35.0	3.359	0.278	0.414	2.805	9.276	17.866
GCD	36.0	5.867	0.288	0.409	0.732	7.680	17.048
GCD	37.0	9.580	0.283	0.404	0.606	5.808	15.165
GCD	38.0	14.801	0.288	0.404	0.576	3.309	12.554
GCD	39.0	21.535	0.308	0.414	0.586	1.404	11.619
GCD	40.0	28.762	0.333	0.449	0.631	1.095	9.666
GCD	41.0	36.116	0.359	0.495	0.692	1.131	10.416
GCD	42.0	43.431	0.394	0.545	0.747	1.227	9.888
GCD	43.0	50.178	0.444	0.601	0.833	1.390	10.093
GCD	44.0	56.404	0.475	0.662	0.924	1.656	10.736
GCD	45.0	62.099	0.525	0.727	1.020	1.869	11.143
GCD	46.0	66.918	0.566	0.798	1.131	2.144	12.645
GCD	47.0	71.158	0.641	0.889	1.257	3.111	14.793
GCD	48.0	74.702	0.672	0.975	1.396	4.180	17.342
GCD	49.0	77.824	0.747	1.086	1.591	5.643	18.275
GCD	50.0	80.491	0.768	1.167	1.757	7.412	20.685
GCD	51.0	82.876	0.864	1.303	2.020	8.434	23.167
GCD	52.0	85.055	0.929	1.444	2.379	10.539	24.197
GCD	53.0	87.046	0.877	1.525	2.570	11.534	25.837
GCD	54.0	88.712	0.884	1.631	3.192	13.011	29.679
GCD	55.0	90.330	1.131	1.904	4.343	15.529	32.931
GCD	56.0	91.706	1.247	2.131	5.694	18.122	35.534
GCD	57.0	93.024	1.454	2.368	6.706	20.917	41.710
GCD	58.0	94.183	1.500	2.717	8.035	22.269	42.094
GCD	59.0	95.282	1.808	3.082	8.499	22.860	44.850
GCD	60.0	96.254	1.959	3.392	9.820	26.194	49.969
GCD	61.0	97.070	2.151	4.136	12.347	27.654	50.944
GCD	62.0	97.759	2.207	3.904	13.721	31.658	55.867
GCD	63.0	98.357	2.267	4.237	11.857	28.149	48.867
GCD	64.0	98.862	2.656	4.293	10.034	25.427	47.586
GCD	65.0	99.245	2.726	4.900	11.054	25.314	43.109
GCD	66.0	99.545	3.144	4.429	10.024	24.467	51.164
GCD	67.0	99.729	2.997	4.455	9.156	17.423	34.678
GCD	68.0	99.852	3.569	5.569	8.295	16.171	28.693
GCD	69.0	99.924	2.745	4.813	7.858	12.741	23.643
GCD	70.0	99.967	2.696	5.530	9.009	14.933	21.743
GCD	71.0	99.986	2.924	4.717	6.833	11.307	16.529
GCD	72.0	99.993	3.932	5.222	6.838	10.024	13.144
GCD	73.0	99.995	1.919	1.919	16.195	16.726	16.726
GCD	74.0	99.997	4.015	4.015	8.787	9.782	9.782
GCD	75.0	99.997	42.390	42.390	42.390	42.390	42.390
GCD	77.0	99.999	78.901	78.901	94.140	109.378	109.378
GCD	79.0	100.000	38.476	38.476	66.501	94.526	94.526
